"Stock.ID","Stock","BY","Region","Ocean.Region2","Sub.Region","R","S","Lat","Lon"
247,"Nisqually",1959,"Inside WA","WC","Inside WA",8764,4000,47.101,-122.706
248,"S South Misc.",1959,"Inside WA","WC","Inside WA",122,100,47.16,-122.91
201,"Puyallup",1959,"Inside WA","WC","Inside WA",35762,14000,47.26972,-122.4272
202,"Hood Canal",1959,"Inside WA","WC","Inside WA",44967,30500,47.5644,-122.9956
203,"Snohomish",1959,"Inside WA","WC","Inside WA",82669,85000,48.02139,-122.2072
204,"Dungeness",1959,"Inside WA","WC","Inside WA",83783,40000,48.1508,-123.1333
205,"Stillaguamish",1959,"Inside WA","WC","Inside WA",205979,125000,48.23861,-122.3758
206,"Skagit",1959,"Inside WA","WC","Inside WA",615898,200000,48.3875,-122.3656
207,"Nooksack",1959,"Inside WA","WC","Inside WA",182400,30000,48.775,-122.5978
208,"Fraser",1961,"Fraser River","WC","BC South",6460055,1092561,49.12333,-123.0569
270,"Southern Fjords (even)",1954,"WC","WC","BC South",1203707,389830,50.88,-126.61
253,"Hecate Strait-Fjords (even)",1954,"WC","WC","BC Central",3825449.781,719646.5623,52.45,-129.1
255,"Hecate Strait-Fjords (odd)",1955,"WC","WC","BC Central",805598.0713,514820.2382,52.45,-129.1
260,"Middle-Upper Skeena (odd)",1955,"WC","WC","BC North",1980442.743,302225.1018,52.45,-129.1
267,"Georgia Strait (even)",1954,"WC","WC","BC South",423234,535824,52.45,-129.1
268,"Georgia Strait (odd)",1957,"WC","WC","BC South",1014724,475544,52.45,-129.1
225,"Humpy",1972,"Yakutat","SEAK","Yakutat",6039,4890,59.6444,-139.5844
225,"Humpy",1973,"Yakutat","SEAK","Yakutat",109207,3969,59.6444,-139.5844
225,"Humpy",1974,"Yakutat","SEAK","Yakutat",33189,6000,59.6444,-139.5844
225,"Humpy",1975,"Yakutat","SEAK","Yakutat",75097,39000,59.6444,-139.5844
225,"Humpy",1976,"Yakutat","SEAK","Yakutat",30497,14016,59.6444,-139.5844
225,"Humpy",1977,"Yakutat","SEAK","Yakutat",155238,36000,59.6444,-139.5844
225,"Humpy",1978,"Yakutat","SEAK","Yakutat",126111,15000,59.6444,-139.5844
225,"Humpy",1979,"Yakutat","SEAK","Yakutat",304130,45000,59.6444,-139.5844
225,"Humpy",1980,"Yakutat","SEAK","Yakutat",27421,30000,59.6444,-139.5844
225,"Humpy",1981,"Yakutat","SEAK","Yakutat",101371,210000,59.6444,-139.5844
225,"Humpy",1982,"Yakutat","SEAK","Yakutat",48610,26100,59.6444,-139.5844
225,"Humpy",1983,"Yakutat","SEAK","Yakutat",227280,90000,59.6444,-139.5844
225,"Humpy",1984,"Yakutat","SEAK","Yakutat",31259,48000,59.6444,-139.5844
225,"Humpy",1985,"Yakutat","SEAK","Yakutat",6118,225000,59.6444,-139.5844
225,"Humpy",1986,"Yakutat","SEAK","Yakutat",126575,30699,59.6444,-139.5844
225,"Humpy",1987,"Yakutat","SEAK","Yakutat",65634,6000,59.6444,-139.5844
225,"Humpy",1988,"Yakutat","SEAK","Yakutat",42967,30000,59.6444,-139.5844
225,"Humpy",1989,"Yakutat","SEAK","Yakutat",24206,60600,59.6444,-139.5844
225,"Humpy",1990,"Yakutat","SEAK","Yakutat",15330,41400,59.6444,-139.5844
225,"Humpy",1991,"Yakutat","SEAK","Yakutat",39171,24150,59.6444,-139.5844
225,"Humpy",1992,"Yakutat","SEAK","Yakutat",33287,13500,59.6444,-139.5844
224,"Situk",1971,"Yakutat","SEAK","Yakutat",254217,27184,59.43353,-139.5467
224,"Situk",1972,"Yakutat","SEAK","Yakutat",63679,30000,59.43353,-139.5467
224,"Situk",1973,"Yakutat","SEAK","Yakutat",142236,240000,59.43353,-139.5467
224,"Situk",1974,"Yakutat","SEAK","Yakutat",45972,60000,59.43353,-139.5467
224,"Situk",1975,"Yakutat","SEAK","Yakutat",208086,133800,59.43353,-139.5467
224,"Situk",1976,"Yakutat","SEAK","Yakutat",373412,38081,59.43353,-139.5467
224,"Situk",1977,"Yakutat","SEAK","Yakutat",482701,177712,59.43353,-139.5467
224,"Situk",1978,"Yakutat","SEAK","Yakutat",294300,360000,59.43353,-139.5467
224,"Situk",1979,"Yakutat","SEAK","Yakutat",332867,450000,59.43353,-139.5467
224,"Situk",1980,"Yakutat","SEAK","Yakutat",47049,250000,59.43353,-139.5467
224,"Situk",1981,"Yakutat","SEAK","Yakutat",194910,300000,59.43353,-139.5467
224,"Situk",1982,"Yakutat","SEAK","Yakutat",127154,40300,59.43353,-139.5467
224,"Situk",1983,"Yakutat","SEAK","Yakutat",378244,183577,59.43353,-139.5467
224,"Situk",1984,"Yakutat","SEAK","Yakutat",261183,113161,59.43353,-139.5467
224,"Situk",1985,"Yakutat","SEAK","Yakutat",84483,366000,59.43353,-139.5467
224,"Situk",1986,"Yakutat","SEAK","Yakutat",97466,255000,59.43353,-139.5467
224,"Situk",1987,"Yakutat","SEAK","Yakutat",338340,72000,59.43353,-139.5467
224,"Situk",1988,"Yakutat","SEAK","Yakutat",553506,78753,59.43353,-139.5467
224,"Situk",1989,"Yakutat","SEAK","Yakutat",195343,288246,59.43353,-139.5467
224,"Situk",1990,"Yakutat","SEAK","Yakutat",25647,525000,59.43353,-139.5467
230,"Afognak",1978,"Kodiak","SEAK","Kodiak",2153040,610000,58.26222,-152.5883
230,"Afognak",1979,"Kodiak","SEAK","Kodiak",1613392,504000,58.26222,-152.5883
230,"Afognak",1980,"Kodiak","SEAK","Kodiak",1348000,990000,58.26222,-152.5883
230,"Afognak",1981,"Kodiak","SEAK","Kodiak",526000,836000,58.26222,-152.5883
230,"Afognak",1982,"Kodiak","SEAK","Kodiak",931000,656000,58.26222,-152.5883
230,"Afognak",1983,"Kodiak","SEAK","Kodiak",1133000,332000,58.26222,-152.5883
230,"Afognak",1984,"Kodiak","SEAK","Kodiak",1597000,466000,58.26222,-152.5883
230,"Afognak",1985,"Kodiak","SEAK","Kodiak",837000,832000,58.26222,-152.5883
230,"Afognak",1986,"Kodiak","SEAK","Kodiak",3730000,736000,58.26222,-152.5883
230,"Afognak",1987,"Kodiak","SEAK","Kodiak",1886046,522000,58.26222,-152.5883
230,"Afognak",1988,"Kodiak","SEAK","Kodiak",1423772,1304000,58.26222,-152.5883
230,"Afognak",1989,"Kodiak","SEAK","Kodiak",1223968,1886046,58.26222,-152.5883
230,"Afognak",1990,"Kodiak","SEAK","Kodiak",1290872,412772,58.26222,-152.5883
230,"Afognak",1991,"Kodiak","SEAK","Kodiak",3433514,621968,58.26222,-152.5883
230,"Afognak",1992,"Kodiak","SEAK","Kodiak",1690958,895872,58.26222,-152.5883
230,"Afognak",1993,"Kodiak","SEAK","Kodiak",4921462,815514,58.26222,-152.5883
230,"Afognak",1994,"Kodiak","SEAK","Kodiak",421738,1067958,58.26222,-152.5883
230,"Afognak",1995,"Kodiak","SEAK","Kodiak",924888,1177462,58.26222,-152.5883
230,"Afognak",1996,"Kodiak","SEAK","Kodiak",2432470,255738,58.26222,-152.5883
230,"Afognak",1997,"Kodiak","SEAK","Kodiak",1469602,689888,58.26222,-152.5883
230,"Afognak",1998,"Kodiak","SEAK","Kodiak",719910,1521470,58.26222,-152.5883
230,"Afognak",1999,"Kodiak","SEAK","Kodiak",1163124,983602,58.26222,-152.5883
230,"Afognak",2000,"Kodiak","SEAK","Kodiak",1027402,644910,58.26222,-152.5883
230,"Afognak",2001,"Kodiak","SEAK","Kodiak",2706660,620124,58.26222,-152.5883
230,"Afognak",2002,"Kodiak","SEAK","Kodiak",3047376,554402,58.26222,-152.5883
230,"Afognak",2003,"Kodiak","SEAK","Kodiak",1464945,714660,58.26222,-152.5883
230,"Afognak",2004,"Kodiak","SEAK","Kodiak",1367598,533776,58.26222,-152.5883
230,"Afognak",2005,"Kodiak","SEAK","Kodiak",2564369,907106,58.26222,-152.5883
230,"Afognak",2006,"Kodiak","SEAK","Kodiak",1289399,565800,58.26222,-152.5883
230,"Afognak",2007,"Kodiak","SEAK","Kodiak",3610878,229154,58.26222,-152.5883
230,"Afognak",2008,"Kodiak","SEAK","Kodiak",2645315,343456,58.26222,-152.5883
230,"Afognak",2009,"Kodiak","SEAK","Kodiak",2557019,790724,58.26222,-152.5883
234,"Mainland Kod",1978,"Kodiak","SEAK","Kodiak",1346809,450000,58.03333,-154.6644
234,"Mainland Kod",1979,"Kodiak","SEAK","Kodiak",1337758,1100000,58.03333,-154.6644
234,"Mainland Kod",1980,"Kodiak","SEAK","Kodiak",1630000,1060000,58.03333,-154.6644
234,"Mainland Kod",1981,"Kodiak","SEAK","Kodiak",670000,1066000,58.03333,-154.6644
234,"Mainland Kod",1982,"Kodiak","SEAK","Kodiak",1335000,1048000,58.03333,-154.6644
234,"Mainland Kod",1983,"Kodiak","SEAK","Kodiak",1135000,486000,58.03333,-154.6644
234,"Mainland Kod",1984,"Kodiak","SEAK","Kodiak",1992000,990000,58.03333,-154.6644
234,"Mainland Kod",1985,"Kodiak","SEAK","Kodiak",1286000,874000,58.03333,-154.6644
234,"Mainland Kod",1986,"Kodiak","SEAK","Kodiak",3550000,1186000,58.03333,-154.6644
234,"Mainland Kod",1987,"Kodiak","SEAK","Kodiak",7954000,1060000,58.03333,-154.6644
234,"Mainland Kod",1988,"Kodiak","SEAK","Kodiak",2176000,1802000,58.03333,-154.6644
234,"Mainland Kod",1989,"Kodiak","SEAK","Kodiak",3450000,7954000,58.03333,-154.6644
234,"Mainland Kod",1990,"Kodiak","SEAK","Kodiak",1028000,1300000,58.03333,-154.6644
234,"Mainland Kod",1991,"Kodiak","SEAK","Kodiak",2284000,2284000,58.03333,-154.6644
234,"Mainland Kod",1992,"Kodiak","SEAK","Kodiak",884000,838000,58.03333,-154.6644
234,"Mainland Kod",1993,"Kodiak","SEAK","Kodiak",2232000,918000,58.03333,-154.6644
234,"Mainland Kod",1994,"Kodiak","SEAK","Kodiak",910000,690000,58.03333,-154.6644
234,"Mainland Kod",1995,"Kodiak","SEAK","Kodiak",2406000,1536000,58.03333,-154.6644
234,"Mainland Kod",1996,"Kodiak","SEAK","Kodiak",2349000,860000,58.03333,-154.6644
234,"Mainland Kod",1997,"Kodiak","SEAK","Kodiak",1626000,1678000,58.03333,-154.6644
234,"Mainland Kod",1998,"Kodiak","SEAK","Kodiak",1491000,1790000,58.03333,-154.6644
234,"Mainland Kod",1999,"Kodiak","SEAK","Kodiak",1212000,1242000,58.03333,-154.6644
234,"Mainland Kod",2000,"Kodiak","SEAK","Kodiak",2127000,1374000,58.03333,-154.6644
234,"Mainland Kod",2001,"Kodiak","SEAK","Kodiak",2191000,814000,58.03333,-154.6644
234,"Mainland Kod",2002,"Kodiak","SEAK","Kodiak",1706710,1804000,58.03333,-154.6644
234,"Mainland Kod",2003,"Kodiak","SEAK","Kodiak",926712,2018000,58.03333,-154.6644
234,"Mainland Kod",2004,"Kodiak","SEAK","Kodiak",2455613,1423110,58.03333,-154.6644
234,"Mainland Kod",2005,"Kodiak","SEAK","Kodiak",1247342,452900,58.03333,-154.6644
234,"Mainland Kod",2006,"Kodiak","SEAK","Kodiak",1125238,1556400,58.03333,-154.6644
234,"Mainland Kod",2007,"Kodiak","SEAK","Kodiak",1492000,630000,58.03333,-154.6644
234,"Mainland Kod",2008,"Kodiak","SEAK","Kodiak",654608,473000,58.03333,-154.6644
234,"Mainland Kod",2009,"Kodiak","SEAK","Kodiak",796245,860200,58.03333,-154.6644
223,"N SEAK Inside",1960,"SEAK","SEAK","SEAK",4036435,2603720,57.57528,-134.7503
223,"N SEAK Inside",1961,"SEAK","SEAK","SEAK",19905504,5142980,57.57528,-134.7503
223,"N SEAK Inside",1962,"SEAK","SEAK","SEAK",11443558,3612000,57.57528,-134.7503
223,"N SEAK Inside",1963,"SEAK","SEAK","SEAK",8948648,7304115,57.57528,-134.7503
223,"N SEAK Inside",1964,"SEAK","SEAK","SEAK",10570049,4236930,57.57528,-134.7503
223,"N SEAK Inside",1965,"SEAK","SEAK","SEAK",4681142,4402965,57.57528,-134.7503
223,"N SEAK Inside",1966,"SEAK","SEAK","SEAK",16161773,5811193,57.57528,-134.7503
223,"N SEAK Inside",1967,"SEAK","SEAK","SEAK",7035923,2372728,57.57528,-134.7503
223,"N SEAK Inside",1968,"SEAK","SEAK","SEAK",10316097,6339855,57.57528,-134.7503
223,"N SEAK Inside",1969,"SEAK","SEAK","SEAK",8563571,3564400,57.57528,-134.7503
223,"N SEAK Inside",1970,"SEAK","SEAK","SEAK",8678387,5139565,57.57528,-134.7503
223,"N SEAK Inside",1971,"SEAK","SEAK","SEAK",5182151,5640305,57.57528,-134.7503
223,"N SEAK Inside",1972,"SEAK","SEAK","SEAK",3817647,5490673,57.57528,-134.7503
223,"N SEAK Inside",1973,"SEAK","SEAK","SEAK",1537448,3557618,57.57528,-134.7503
223,"N SEAK Inside",1974,"SEAK","SEAK","SEAK",1811216,3215913,57.57528,-134.7503
223,"N SEAK Inside",1975,"SEAK","SEAK","SEAK",4413971,1486515,57.57528,-134.7503
223,"N SEAK Inside",1976,"SEAK","SEAK","SEAK",7315369,1773183,57.57528,-134.7503
223,"N SEAK Inside",1977,"SEAK","SEAK","SEAK",8558649,4083868,57.57528,-134.7503
223,"N SEAK Inside",1978,"SEAK","SEAK","SEAK",5396335,4695440,57.57528,-134.7503
223,"N SEAK Inside",1979,"SEAK","SEAK","SEAK",7074903,6538365,57.57528,-134.7503
223,"N SEAK Inside",1980,"SEAK","SEAK","SEAK",16962625,4073700,57.57528,-134.7503
223,"N SEAK Inside",1981,"SEAK","SEAK","SEAK",8808287,4447430,57.57528,-134.7503
223,"N SEAK Inside",1982,"SEAK","SEAK","SEAK",9193765,6193753,57.57528,-134.7503
223,"N SEAK Inside",1983,"SEAK","SEAK","SEAK",26463995,5307143,57.57528,-134.7503
223,"N SEAK Inside",1984,"SEAK","SEAK","SEAK",5443673,5460488,57.57528,-134.7503
223,"N SEAK Inside",1985,"SEAK","SEAK","SEAK",12183728,10873548,57.57528,-134.7503
223,"N SEAK Inside",1986,"SEAK","SEAK","SEAK",6666315,4512388,57.57528,-134.7503
223,"N SEAK Inside",1987,"SEAK","SEAK","SEAK",20096174,6977443,57.57528,-134.7503
223,"N SEAK Inside",1988,"SEAK","SEAK","SEAK",12470006,4702210,57.57528,-134.7503
223,"N SEAK Inside",1989,"SEAK","SEAK","SEAK",27237043,7371055,57.57528,-134.7503
223,"N SEAK Inside",1990,"SEAK","SEAK","SEAK",25200367,7031375,57.57528,-134.7503
223,"N SEAK Inside",1991,"SEAK","SEAK","SEAK",26396047,9187708,57.57528,-134.7503
223,"N SEAK Inside",1992,"SEAK","SEAK","SEAK",51319856,9700373,57.57528,-134.7503
223,"N SEAK Inside",1993,"SEAK","SEAK","SEAK",12765594,9386440,57.57528,-134.7503
223,"N SEAK Inside",1994,"SEAK","SEAK","SEAK",20793396,16114790,57.57528,-134.7503
223,"N SEAK Inside",1995,"SEAK","SEAK","SEAK",23293970,7925135,57.57528,-134.7503
223,"N SEAK Inside",1996,"SEAK","SEAK","SEAK",25125652,11730148,57.57528,-134.7503
223,"N SEAK Inside",1997,"SEAK","SEAK","SEAK",61411893,12469155,57.57528,-134.7503
223,"N SEAK Inside",1998,"SEAK","SEAK","SEAK",14877704,12279220,57.57528,-134.7503
223,"N SEAK Inside",1999,"SEAK","SEAK","SEAK",26186616,25094123,57.57528,-134.7503
223,"N SEAK Inside",2000,"SEAK","SEAK","SEAK",32670749,9562700,57.57528,-134.7503
223,"N SEAK Inside",2001,"SEAK","SEAK","SEAK",35144673,13178575,57.57528,-134.7503
223,"N SEAK Inside",2002,"SEAK","SEAK","SEAK",35156466,13681525,57.57528,-134.7503
223,"N SEAK Inside",2003,"SEAK","SEAK","SEAK",41940069,13847370,57.57528,-134.7503
223,"N SEAK Inside",2004,"SEAK","SEAK","SEAK",15687678,13030943,57.57528,-134.7503
223,"N SEAK Inside",2005,"SEAK","SEAK","SEAK",20600744,16703888,57.57528,-134.7503
223,"N SEAK Inside",2006,"SEAK","SEAK","SEAK",4114695,9891978,57.57528,-134.7503
223,"N SEAK Inside",2007,"SEAK","SEAK","SEAK",19358942,11854573,57.57528,-134.7503
223,"N SEAK Inside",2008,"SEAK","SEAK","SEAK",14567041,3682113,57.57528,-134.7503
222,"N SEAK Outside",1960,"SEAK","SEAK","SEAK",399494,344205,57.17694,-135.7869
222,"N SEAK Outside",1961,"SEAK","SEAK","SEAK",3349217,875088,57.17694,-135.7869
222,"N SEAK Outside",1962,"SEAK","SEAK","SEAK",404449,334630,57.17694,-135.7869
222,"N SEAK Outside",1963,"SEAK","SEAK","SEAK",1566842,2049505,57.17694,-135.7869
222,"N SEAK Outside",1964,"SEAK","SEAK","SEAK",159136,328803,57.17694,-135.7869
222,"N SEAK Outside",1965,"SEAK","SEAK","SEAK",626930,948288,57.17694,-135.7869
222,"N SEAK Outside",1966,"SEAK","SEAK","SEAK",111655,130035,57.17694,-135.7869
222,"N SEAK Outside",1967,"SEAK","SEAK","SEAK",1189566,500073,57.17694,-135.7869
222,"N SEAK Outside",1968,"SEAK","SEAK","SEAK",213220,51895,57.17694,-135.7869
222,"N SEAK Outside",1969,"SEAK","SEAK","SEAK",665671,1052220,57.17694,-135.7869
222,"N SEAK Outside",1970,"SEAK","SEAK","SEAK",356042,145265,57.17694,-135.7869
222,"N SEAK Outside",1971,"SEAK","SEAK","SEAK",1150367,573925,57.17694,-135.7869
222,"N SEAK Outside",1972,"SEAK","SEAK","SEAK",532619,306308,57.17694,-135.7869
222,"N SEAK Outside",1973,"SEAK","SEAK","SEAK",1826656,891608,57.17694,-135.7869
222,"N SEAK Outside",1974,"SEAK","SEAK","SEAK",758496,470398,57.17694,-135.7869
222,"N SEAK Outside",1975,"SEAK","SEAK","SEAK",6468894,1260848,57.17694,-135.7869
222,"N SEAK Outside",1976,"SEAK","SEAK","SEAK",956662,652855,57.17694,-135.7869
222,"N SEAK Outside",1977,"SEAK","SEAK","SEAK",5872272,4270718,57.17694,-135.7869
222,"N SEAK Outside",1978,"SEAK","SEAK","SEAK",639867,794675,57.17694,-135.7869
222,"N SEAK Outside",1979,"SEAK","SEAK","SEAK",6424193,4060198,57.17694,-135.7869
222,"N SEAK Outside",1980,"SEAK","SEAK","SEAK",2033582,530225,57.17694,-135.7869
222,"N SEAK Outside",1981,"SEAK","SEAK","SEAK",5645863,3676025,57.17694,-135.7869
222,"N SEAK Outside",1982,"SEAK","SEAK","SEAK",3397864,1530970,57.17694,-135.7869
222,"N SEAK Outside",1983,"SEAK","SEAK","SEAK",10032670,3089278,57.17694,-135.7869
222,"N SEAK Outside",1984,"SEAK","SEAK","SEAK",1040062,2123058,57.17694,-135.7869
222,"N SEAK Outside",1985,"SEAK","SEAK","SEAK",1483886,4401620,57.17694,-135.7869
222,"N SEAK Outside",1986,"SEAK","SEAK","SEAK",484093,827743,57.17694,-135.7869
222,"N SEAK Outside",1987,"SEAK","SEAK","SEAK",2014204,1055085,57.17694,-135.7869
222,"N SEAK Outside",1988,"SEAK","SEAK","SEAK",933788,417488,57.17694,-135.7869
222,"N SEAK Outside",1989,"SEAK","SEAK","SEAK",2178632,1103323,57.17694,-135.7869
222,"N SEAK Outside",1990,"SEAK","SEAK","SEAK",1747889,745900,57.17694,-135.7869
222,"N SEAK Outside",1991,"SEAK","SEAK","SEAK",2128693,1804080,57.17694,-135.7869
222,"N SEAK Outside",1992,"SEAK","SEAK","SEAK",4296109,1315178,57.17694,-135.7869
222,"N SEAK Outside",1993,"SEAK","SEAK","SEAK",5134410,1071388,57.17694,-135.7869
222,"N SEAK Outside",1994,"SEAK","SEAK","SEAK",5736249,3300273,57.17694,-135.7869
222,"N SEAK Outside",1995,"SEAK","SEAK","SEAK",7595470,3379848,57.17694,-135.7869
222,"N SEAK Outside",1996,"SEAK","SEAK","SEAK",9561585,3878028,57.17694,-135.7869
222,"N SEAK Outside",1997,"SEAK","SEAK","SEAK",8007840,4837720,57.17694,-135.7869
222,"N SEAK Outside",1998,"SEAK","SEAK","SEAK",6389979,3708033,57.17694,-135.7869
222,"N SEAK Outside",1999,"SEAK","SEAK","SEAK",7936232,5364505,57.17694,-135.7869
222,"N SEAK Outside",2000,"SEAK","SEAK","SEAK",8748619,3832783,57.17694,-135.7869
222,"N SEAK Outside",2001,"SEAK","SEAK","SEAK",7398788,5932160,57.17694,-135.7869
222,"N SEAK Outside",2002,"SEAK","SEAK","SEAK",7728965,5741703,57.17694,-135.7869
222,"N SEAK Outside",2003,"SEAK","SEAK","SEAK",11292515,5506903,57.17694,-135.7869
222,"N SEAK Outside",2004,"SEAK","SEAK","SEAK",7438618,5469000,57.17694,-135.7869
222,"N SEAK Outside",2005,"SEAK","SEAK","SEAK",10038371,6271490,57.17694,-135.7869
222,"N SEAK Outside",2006,"SEAK","SEAK","SEAK",6163691,4895000,57.17694,-135.7869
222,"N SEAK Outside",2007,"SEAK","SEAK","SEAK",5912584,5765000,57.17694,-135.7869
222,"N SEAK Outside",2008,"SEAK","SEAK","SEAK",8820148,4325598,57.17694,-135.7869
231,"W Kod",1978,"Kodiak","SEAK","Kodiak",18821263,6238000,57.11389,-154.4947
231,"W Kod",1979,"Kodiak","SEAK","Kodiak",4240197,1624000,57.11389,-154.4947
231,"W Kod",1980,"Kodiak","SEAK","Kodiak",12202000,8264000,57.11389,-154.4947
231,"W Kod",1981,"Kodiak","SEAK","Kodiak",2778000,1612000,57.11389,-154.4947
231,"W Kod",1982,"Kodiak","SEAK","Kodiak",14726000,6924000,57.11389,-154.4947
231,"W Kod",1983,"Kodiak","SEAK","Kodiak",2842000,1210000,57.11389,-154.4947
231,"W Kod",1984,"Kodiak","SEAK","Kodiak",12347000,5796000,57.11389,-154.4947
231,"W Kod",1985,"Kodiak","SEAK","Kodiak",2486000,1162000,57.11389,-154.4947
231,"W Kod",1986,"Kodiak","SEAK","Kodiak",9993000,4182000,57.11389,-154.4947
231,"W Kod",1987,"Kodiak","SEAK","Kodiak",8598000,1084000,57.11389,-154.4947
231,"W Kod",1988,"Kodiak","SEAK","Kodiak",12162000,3472000,57.11389,-154.4947
231,"W Kod",1989,"Kodiak","SEAK","Kodiak",7435000,8598000,57.11389,-154.4947
231,"W Kod",1990,"Kodiak","SEAK","Kodiak",5217000,9162000,57.11389,-154.4947
231,"W Kod",1991,"Kodiak","SEAK","Kodiak",11420000,2444000,57.11389,-154.4947
231,"W Kod",1992,"Kodiak","SEAK","Kodiak",6463000,3816000,57.11389,-154.4947
231,"W Kod",1993,"Kodiak","SEAK","Kodiak",23571000,2340000,57.11389,-154.4947
231,"W Kod",1994,"Kodiak","SEAK","Kodiak",5605000,3148000,57.11389,-154.4947
231,"W Kod",1995,"Kodiak","SEAK","Kodiak",8083000,5360000,57.11389,-154.4947
231,"W Kod",1996,"Kodiak","SEAK","Kodiak",18665000,3914000,57.11389,-154.4947
231,"W Kod",1997,"Kodiak","SEAK","Kodiak",5730000,1510000,57.11389,-154.4947
231,"W Kod",1998,"Kodiak","SEAK","Kodiak",10478000,6608000,57.11389,-154.4947
231,"W Kod",1999,"Kodiak","SEAK","Kodiak",5086000,1556000,57.11389,-154.4947
231,"W Kod",2000,"Kodiak","SEAK","Kodiak",17801000,5024000,57.11389,-154.4947
231,"W Kod",2001,"Kodiak","SEAK","Kodiak",6218000,1828000,57.11389,-154.4947
231,"W Kod",2002,"Kodiak","SEAK","Kodiak",22493708,8754000,57.11389,-154.4947
231,"W Kod",2003,"Kodiak","SEAK","Kodiak",7030752,1878000,57.11389,-154.4947
231,"W Kod",2004,"Kodiak","SEAK","Kodiak",23621882,9880208,57.11389,-154.4947
231,"W Kod",2005,"Kodiak","SEAK","Kodiak",9117411,1705456,57.11389,-154.4947
231,"W Kod",2006,"Kodiak","SEAK","Kodiak",8047323,4554396,57.11389,-154.4947
231,"W Kod",2007,"Kodiak","SEAK","Kodiak",6835456,1739104,57.11389,-154.4947
231,"W Kod",2008,"Kodiak","SEAK","Kodiak",7749342,4445434,57.11389,-154.4947
231,"W Kod",2009,"Kodiak","SEAK","Kodiak",2096829,2472970,57.11389,-154.4947
233,"E Kod",1978,"Kodiak","SEAK","Kodiak",3553593,1400000,57.089858,-153.187928
233,"E Kod",1979,"Kodiak","SEAK","Kodiak",4461799,1760000,57.089858,-153.187928
233,"E Kod",1980,"Kodiak","SEAK","Kodiak",2006000,1590000,57.089858,-153.187928
233,"E Kod",1981,"Kodiak","SEAK","Kodiak",2371000,1614000,57.089858,-153.187928
233,"E Kod",1982,"Kodiak","SEAK","Kodiak",1561000,1178000,57.089858,-153.187928
233,"E Kod",1983,"Kodiak","SEAK","Kodiak",2510000,1272000,57.089858,-153.187928
233,"E Kod",1984,"Kodiak","SEAK","Kodiak",2016000,1162000,57.089858,-153.187928
233,"E Kod",1985,"Kodiak","SEAK","Kodiak",2624000,1942000,57.089858,-153.187928
233,"E Kod",1986,"Kodiak","SEAK","Kodiak",4588000,1414000,57.089858,-153.187928
233,"E Kod",1987,"Kodiak","SEAK","Kodiak",5426000,1360000,57.089858,-153.187928
233,"E Kod",1988,"Kodiak","SEAK","Kodiak",1411000,1714000,57.089858,-153.187928
233,"E Kod",1989,"Kodiak","SEAK","Kodiak",8519000,5426000,57.089858,-153.187928
233,"E Kod",1990,"Kodiak","SEAK","Kodiak",1676000,998000,57.089858,-153.187928
233,"E Kod",1991,"Kodiak","SEAK","Kodiak",8023000,2350000,57.089858,-153.187928
233,"E Kod",1992,"Kodiak","SEAK","Kodiak",2848000,1116000,57.089858,-153.187928
233,"E Kod",1993,"Kodiak","SEAK","Kodiak",13951000,2610000,57.089858,-153.187928
233,"E Kod",1994,"Kodiak","SEAK","Kodiak",738000,1990000,57.089858,-153.187928
233,"E Kod",1995,"Kodiak","SEAK","Kodiak",2952000,5330000,57.089858,-153.187928
233,"E Kod",1996,"Kodiak","SEAK","Kodiak",2246000,690000,57.089858,-153.187928
233,"E Kod",1997,"Kodiak","SEAK","Kodiak",3897000,1618000,57.089858,-153.187928
233,"E Kod",1998,"Kodiak","SEAK","Kodiak",1541000,1694000,57.089858,-153.187928
233,"E Kod",1999,"Kodiak","SEAK","Kodiak",2791000,2452000,57.089858,-153.187928
233,"E Kod",2000,"Kodiak","SEAK","Kodiak",2468000,1174000,57.089858,-153.187928
233,"E Kod",2001,"Kodiak","SEAK","Kodiak",5314000,1990000,57.089858,-153.187928
233,"E Kod",2002,"Kodiak","SEAK","Kodiak",4342970,1758000,57.089858,-153.187928
233,"E Kod",2003,"Kodiak","SEAK","Kodiak",9521665,3784000,57.089858,-153.187928
233,"E Kod",2004,"Kodiak","SEAK","Kodiak",7197847,3717970,57.089858,-153.187928
233,"E Kod",2005,"Kodiak","SEAK","Kodiak",8081954,3535942,57.089858,-153.187928
233,"E Kod",2006,"Kodiak","SEAK","Kodiak",1472149,3304076,57.089858,-153.187928
233,"E Kod",2007,"Kodiak","SEAK","Kodiak",11259533,1962488,57.089858,-153.187928
233,"E Kod",2008,"Kodiak","SEAK","Kodiak",1035597,707834,57.089858,-153.187928
233,"E Kod",2009,"Kodiak","SEAK","Kodiak",10791580,4360388,57.089858,-153.187928
237,"E Chig",1962,"Chignik","SEAK","Chignik",1857200,401700,56.98528,-156.5806
237,"E Chig",1963,"Chignik","SEAK","Chignik",90500,126200,56.98528,-156.5806
237,"E Chig",1964,"Chignik","SEAK","Chignik",688400,605700,56.98528,-156.5806
237,"E Chig",1965,"Chignik","SEAK","Chignik",78700,64800,56.98528,-156.5806
237,"E Chig",1966,"Chignik","SEAK","Chignik",913700,302200,56.98528,-156.5806
237,"E Chig",1967,"Chignik","SEAK","Chignik",47700,56100,56.98528,-156.5806
237,"E Chig",1968,"Chignik","SEAK","Chignik",470600,390300,56.98528,-156.5806
237,"E Chig",1969,"Chignik","SEAK","Chignik",52000,46000,56.98528,-156.5806
237,"E Chig",1970,"Chignik","SEAK","Chignik",28800,201700,56.98528,-156.5806
237,"E Chig",1971,"Chignik","SEAK","Chignik",15300,23000,56.98528,-156.5806
237,"E Chig",1972,"Chignik","SEAK","Chignik",76800,15900,56.98528,-156.5806
237,"E Chig",1973,"Chignik","SEAK","Chignik",23500,12800,56.98528,-156.5806
237,"E Chig",1974,"Chignik","SEAK","Chignik",257600,76200,56.98528,-156.5806
237,"E Chig",1975,"Chignik","SEAK","Chignik",76200,23500,56.98528,-156.5806
237,"E Chig",1976,"Chignik","SEAK","Chignik",396100,228800,56.98528,-156.5806
237,"E Chig",1977,"Chignik","SEAK","Chignik",486700,76000,56.98528,-156.5806
237,"E Chig",1978,"Chignik","SEAK","Chignik",898010,309300,56.98528,-156.5806
237,"E Chig",1979,"Chignik","SEAK","Chignik",327993,194300,56.98528,-156.5806
237,"E Chig",1980,"Chignik","SEAK","Chignik",390574,425500,56.98528,-156.5806
237,"E Chig",1981,"Chignik","SEAK","Chignik",54117,154700,56.98528,-156.5806
237,"E Chig",1982,"Chignik","SEAK","Chignik",544215,301500,56.98528,-156.5806
237,"E Chig",1983,"Chignik","SEAK","Chignik",218670,46300,56.98528,-156.5806
237,"E Chig",1984,"Chignik","SEAK","Chignik",630335,486500,56.98528,-156.5806
237,"E Chig",1985,"Chignik","SEAK","Chignik",217679,212100,56.98528,-156.5806
237,"E Chig",1986,"Chignik","SEAK","Chignik",2011766,580700,56.98528,-156.5806
237,"E Chig",1987,"Chignik","SEAK","Chignik",881000,215600,56.98528,-156.5806
237,"E Chig",1988,"Chignik","SEAK","Chignik",851974,1005400,56.98528,-156.5806
237,"E Chig",1989,"Chignik","SEAK","Chignik",152979,881000,56.98528,-156.5806
237,"E Chig",1990,"Chignik","SEAK","Chignik",1501219,811400,56.98528,-156.5806
237,"E Chig",1991,"Chignik","SEAK","Chignik",577455,125000,56.98528,-156.5806
237,"E Chig",1992,"Chignik","SEAK","Chignik",876252,1318100,56.98528,-156.5806
237,"E Chig",1993,"Chignik","SEAK","Chignik",1407872,524700,56.98528,-156.5806
237,"E Chig",1994,"Chignik","SEAK","Chignik",1066801,863300,56.98528,-156.5806
237,"E Chig",1995,"Chignik","SEAK","Chignik",1360047,1399300,56.98528,-156.5806
237,"E Chig",1996,"Chignik","SEAK","Chignik",1339925,1059600,56.98528,-156.5806
237,"E Chig",1997,"Chignik","SEAK","Chignik",655671,1287700,56.98528,-156.5806
237,"E Chig",1998,"Chignik","SEAK","Chignik",821200,1273200,56.98528,-156.5806
237,"E Chig",1999,"Chignik","SEAK","Chignik",1567638,615100,56.98528,-156.5806
237,"E Chig",2000,"Chignik","SEAK","Chignik",777710,810700,56.98528,-156.5806
237,"E Chig",2001,"Chignik","SEAK","Chignik",1408327,1470200,56.98528,-156.5806
237,"E Chig",2002,"Chignik","SEAK","Chignik",601900,777710,56.98528,-156.5806
237,"E Chig",2003,"Chignik","SEAK","Chignik",512371,1408060,56.98528,-156.5806
237,"E Chig",2004,"Chignik","SEAK","Chignik",275415,601900,56.98528,-156.5806
237,"E Chig",2005,"Chignik","SEAK","Chignik",609179,512350,56.98528,-156.5806
237,"E Chig",2006,"Chignik","SEAK","Chignik",819400,195950,56.98528,-156.5806
237,"E Chig",2007,"Chignik","SEAK","Chignik",738631,565800,56.98528,-156.5806
237,"E Chig",2008,"Chignik","SEAK","Chignik",271764,402880,56.98528,-156.5806
237,"E Chig",2009,"Chignik","SEAK","Chignik",558288,462840,56.98528,-156.5806
232,"Alitak",1978,"Kodiak","SEAK","Kodiak",3089080,1314000,56.88528,-154.1217
232,"Alitak",1979,"Kodiak","SEAK","Kodiak",3323629,1138000,56.88528,-154.1217
232,"Alitak",1980,"Kodiak","SEAK","Kodiak",1454000,1036000,56.88528,-154.1217
232,"Alitak",1981,"Kodiak","SEAK","Kodiak",2308000,1250000,56.88528,-154.1217
232,"Alitak",1982,"Kodiak","SEAK","Kodiak",1060000,934000,56.88528,-154.1217
232,"Alitak",1983,"Kodiak","SEAK","Kodiak",2656000,880000,56.88528,-154.1217
232,"Alitak",1984,"Kodiak","SEAK","Kodiak",1426000,626000,56.88528,-154.1217
232,"Alitak",1985,"Kodiak","SEAK","Kodiak",1871000,1598000,56.88528,-154.1217
232,"Alitak",1986,"Kodiak","SEAK","Kodiak",906000,698000,56.88528,-154.1217
232,"Alitak",1987,"Kodiak","SEAK","Kodiak",5604000,954000,56.88528,-154.1217
232,"Alitak",1988,"Kodiak","SEAK","Kodiak",323000,520000,56.88528,-154.1217
232,"Alitak",1989,"Kodiak","SEAK","Kodiak",3310000,5422000,56.88528,-154.1217
232,"Alitak",1990,"Kodiak","SEAK","Kodiak",425000,178000,56.88528,-154.1217
232,"Alitak",1991,"Kodiak","SEAK","Kodiak",5366000,936000,56.88528,-154.1217
232,"Alitak",1992,"Kodiak","SEAK","Kodiak",2213000,366000,56.88528,-154.1217
232,"Alitak",1993,"Kodiak","SEAK","Kodiak",14652000,1900000,56.88528,-154.1217
232,"Alitak",1994,"Kodiak","SEAK","Kodiak",1535000,1092000,56.88528,-154.1217
232,"Alitak",1995,"Kodiak","SEAK","Kodiak",1964000,7592000,56.88528,-154.1217
232,"Alitak",1996,"Kodiak","SEAK","Kodiak",4269000,982000,56.88528,-154.1217
232,"Alitak",1997,"Kodiak","SEAK","Kodiak",3284000,1010000,56.88528,-154.1217
232,"Alitak",1998,"Kodiak","SEAK","Kodiak",1017000,2564000,56.88528,-154.1217
232,"Alitak",1999,"Kodiak","SEAK","Kodiak",2976000,1930000,56.88528,-154.1217
232,"Alitak",2000,"Kodiak","SEAK","Kodiak",5e+06,774000,56.88528,-154.1217
232,"Alitak",2001,"Kodiak","SEAK","Kodiak",2298000,1536000,56.88528,-154.1217
232,"Alitak",2002,"Kodiak","SEAK","Kodiak",3436972,3922000,56.88528,-154.1217
232,"Alitak",2003,"Kodiak","SEAK","Kodiak",5420654,1800000,56.88528,-154.1217
232,"Alitak",2004,"Kodiak","SEAK","Kodiak",4621442,2017972,56.88528,-154.1217
232,"Alitak",2005,"Kodiak","SEAK","Kodiak",960626,1227812,56.88528,-154.1217
232,"Alitak",2006,"Kodiak","SEAK","Kodiak",1064934,1748472,56.88528,-154.1217
232,"Alitak",2007,"Kodiak","SEAK","Kodiak",5787870,486610,56.88528,-154.1217
232,"Alitak",2008,"Kodiak","SEAK","Kodiak",793121,352692,56.88528,-154.1217
232,"Alitak",2009,"Kodiak","SEAK","Kodiak",5961145,1791706,56.88528,-154.1217
236,"Central Chig",1962,"Chignik","SEAK","Chignik",203000,83900,56.59639,-157.9933
236,"Central Chig",1963,"Chignik","SEAK","Chignik",135300,92600,56.59639,-157.9933
236,"Central Chig",1964,"Chignik","SEAK","Chignik",80000,131100,56.59639,-157.9933
236,"Central Chig",1965,"Chignik","SEAK","Chignik",44500,65800,56.59639,-157.9933
236,"Central Chig",1966,"Chignik","SEAK","Chignik",111500,62600,56.59639,-157.9933
236,"Central Chig",1967,"Chignik","SEAK","Chignik",71000,18500,56.59639,-157.9933
236,"Central Chig",1968,"Chignik","SEAK","Chignik",88600,66100,56.59639,-157.9933
236,"Central Chig",1969,"Chignik","SEAK","Chignik",95300,69600,56.59639,-157.9933
236,"Central Chig",1970,"Chignik","SEAK","Chignik",3900,60700,56.59639,-157.9933
236,"Central Chig",1971,"Chignik","SEAK","Chignik",50500,74800,56.59639,-157.9933
236,"Central Chig",1972,"Chignik","SEAK","Chignik",31900,3100,56.59639,-157.9933
236,"Central Chig",1973,"Chignik","SEAK","Chignik",57700,50200,56.59639,-157.9933
236,"Central Chig",1974,"Chignik","SEAK","Chignik",82600,9800,56.59639,-157.9933
236,"Central Chig",1975,"Chignik","SEAK","Chignik",319900,26400,56.59639,-157.9933
236,"Central Chig",1976,"Chignik","SEAK","Chignik",162400,66000,56.59639,-157.9933
236,"Central Chig",1977,"Chignik","SEAK","Chignik",581400,199900,56.59639,-157.9933
236,"Central Chig",1978,"Chignik","SEAK","Chignik",208082,101200,56.59639,-157.9933
236,"Central Chig",1979,"Chignik","SEAK","Chignik",286523,297000,56.59639,-157.9933
236,"Central Chig",1980,"Chignik","SEAK","Chignik",106706,99400,56.59639,-157.9933
236,"Central Chig",1981,"Chignik","SEAK","Chignik",18861,76500,56.59639,-157.9933
236,"Central Chig",1982,"Chignik","SEAK","Chignik",141250,26100,56.59639,-157.9933
236,"Central Chig",1983,"Chignik","SEAK","Chignik",23487,11000,56.59639,-157.9933
236,"Central Chig",1984,"Chignik","SEAK","Chignik",166027,94000,56.59639,-157.9933
236,"Central Chig",1985,"Chignik","SEAK","Chignik",73469,7400,56.59639,-157.9933
236,"Central Chig",1986,"Chignik","SEAK","Chignik",534770,121900,56.59639,-157.9933
236,"Central Chig",1987,"Chignik","SEAK","Chignik",215021,65700,56.59639,-157.9933
236,"Central Chig",1988,"Chignik","SEAK","Chignik",365577,216400,56.59639,-157.9933
236,"Central Chig",1989,"Chignik","SEAK","Chignik",375067,215000,56.59639,-157.9933
236,"Central Chig",1990,"Chignik","SEAK","Chignik",429550,131900,56.59639,-157.9933
236,"Central Chig",1991,"Chignik","SEAK","Chignik",365937,201100,56.59639,-157.9933
236,"Central Chig",1992,"Chignik","SEAK","Chignik",278049,223800,56.59639,-157.9933
236,"Central Chig",1993,"Chignik","SEAK","Chignik",1185245,160900,56.59639,-157.9933
236,"Central Chig",1994,"Chignik","SEAK","Chignik",257817,178900,56.59639,-157.9933
236,"Central Chig",1995,"Chignik","SEAK","Chignik",1198175,715500,56.59639,-157.9933
236,"Central Chig",1996,"Chignik","SEAK","Chignik",444632,237100,56.59639,-157.9933
236,"Central Chig",1997,"Chignik","SEAK","Chignik",1038508,594600,56.59639,-157.9933
236,"Central Chig",1998,"Chignik","SEAK","Chignik",417517,210900,56.59639,-157.9933
236,"Central Chig",1999,"Chignik","SEAK","Chignik",1101838,374300,56.59639,-157.9933
236,"Central Chig",2000,"Chignik","SEAK","Chignik",103335,146100,56.59639,-157.9933
236,"Central Chig",2001,"Chignik","SEAK","Chignik",665246,460400,56.59639,-157.9933
236,"Central Chig",2002,"Chignik","SEAK","Chignik",257002,85755,56.59639,-157.9933
236,"Central Chig",2003,"Chignik","SEAK","Chignik",572891,576510,56.59639,-157.9933
236,"Central Chig",2004,"Chignik","SEAK","Chignik",115901,257000,56.59639,-157.9933
236,"Central Chig",2005,"Chignik","SEAK","Chignik",904721,473400,56.59639,-157.9933
236,"Central Chig",2006,"Chignik","SEAK","Chignik",486948,36175,56.59639,-157.9933
236,"Central Chig",2007,"Chignik","SEAK","Chignik",447785,291800,56.59639,-157.9933
236,"Central Chig",2008,"Chignik","SEAK","Chignik",235658,117650,56.59639,-157.9933
236,"Central Chig",2009,"Chignik","SEAK","Chignik",448807,130700,56.59639,-157.9933
235,"Chignik Bay",1988,"Chignik","SEAK","Chignik",100528,22400,56.38528,-158.2261
235,"Chignik Bay",1989,"Chignik","SEAK","Chignik",88363,13500,56.38528,-158.2261
235,"Chignik Bay",1990,"Chignik","SEAK","Chignik",233905,6000,56.38528,-158.2261
235,"Chignik Bay",1991,"Chignik","SEAK","Chignik",57909,12200,56.38528,-158.2261
235,"Chignik Bay",1992,"Chignik","SEAK","Chignik",135225,55800,56.38528,-158.2261
235,"Chignik Bay",1993,"Chignik","SEAK","Chignik",287439,2000,56.38528,-158.2261
235,"Chignik Bay",1994,"Chignik","SEAK","Chignik",44904,75800,56.38528,-158.2261
235,"Chignik Bay",1995,"Chignik","SEAK","Chignik",98861,180500,56.38528,-158.2261
235,"Chignik Bay",1996,"Chignik","SEAK","Chignik",50454,43100,56.38528,-158.2261
235,"Chignik Bay",1997,"Chignik","SEAK","Chignik",96301,59400,56.38528,-158.2261
235,"Chignik Bay",1998,"Chignik","SEAK","Chignik",55467,24400,56.38528,-158.2261
235,"Chignik Bay",1999,"Chignik","SEAK","Chignik",94842,37300,56.38528,-158.2261
235,"Chignik Bay",2000,"Chignik","SEAK","Chignik",27170,27400,56.38528,-158.2261
235,"Chignik Bay",2001,"Chignik","SEAK","Chignik",199939,19700,56.38528,-158.2261
235,"Chignik Bay",2002,"Chignik","SEAK","Chignik",29678,16917,56.38528,-158.2261
235,"Chignik Bay",2003,"Chignik","SEAK","Chignik",231438,143897,56.38528,-158.2261
235,"Chignik Bay",2004,"Chignik","SEAK","Chignik",89820,27300,56.38528,-158.2261
235,"Chignik Bay",2005,"Chignik","SEAK","Chignik",250134,160000,56.38528,-158.2261
235,"Chignik Bay",2006,"Chignik","SEAK","Chignik",302285,27401,56.38528,-158.2261
235,"Chignik Bay",2007,"Chignik","SEAK","Chignik",106542,62464,56.38528,-158.2261
235,"Chignik Bay",2008,"Chignik","SEAK","Chignik",38703,69841,56.38528,-158.2261
235,"Chignik Bay",2009,"Chignik","SEAK","Chignik",63055,28973,56.38528,-158.2261
238,"W Chig",1962,"Chignik","SEAK","Chignik",277900,242000,56.06667,-158.6756
238,"W Chig",1963,"Chignik","SEAK","Chignik",497600,305000,56.06667,-158.6756
238,"W Chig",1964,"Chignik","SEAK","Chignik",352500,165000,56.06667,-158.6756
238,"W Chig",1965,"Chignik","SEAK","Chignik",131500,152000,56.06667,-158.6756
238,"W Chig",1966,"Chignik","SEAK","Chignik",446900,179300,56.06667,-158.6756
238,"W Chig",1967,"Chignik","SEAK","Chignik",907000,104400,56.06667,-158.6756
238,"W Chig",1968,"Chignik","SEAK","Chignik",644700,151300,56.06667,-158.6756
238,"W Chig",1969,"Chignik","SEAK","Chignik",554200,422000,56.06667,-158.6756
238,"W Chig",1970,"Chignik","SEAK","Chignik",23500,202000,56.06667,-158.6756
238,"W Chig",1971,"Chignik","SEAK","Chignik",62400,268800,56.06667,-158.6756
238,"W Chig",1972,"Chignik","SEAK","Chignik",90800,8600,56.06667,-158.6756
238,"W Chig",1973,"Chignik","SEAK","Chignik",149100,62400,56.06667,-158.6756
238,"W Chig",1974,"Chignik","SEAK","Chignik",250000,77400,56.06667,-158.6756
238,"W Chig",1975,"Chignik","SEAK","Chignik",734500,141700,56.06667,-158.6756
238,"W Chig",1976,"Chignik","SEAK","Chignik",752700,114200,56.06667,-158.6756
238,"W Chig",1977,"Chignik","SEAK","Chignik",929600,355500,56.06667,-158.6756
238,"W Chig",1978,"Chignik","SEAK","Chignik",355960,333400,56.06667,-158.6756
238,"W Chig",1979,"Chignik","SEAK","Chignik",682905,185000,56.06667,-158.6756
238,"W Chig",1980,"Chignik","SEAK","Chignik",648308,139500,56.06667,-158.6756
238,"W Chig",1981,"Chignik","SEAK","Chignik",200338,249300,56.06667,-158.6756
238,"W Chig",1982,"Chignik","SEAK","Chignik",361820,45900,56.06667,-158.6756
238,"W Chig",1983,"Chignik","SEAK","Chignik",148077,36000,56.06667,-158.6756
238,"W Chig",1984,"Chignik","SEAK","Chignik",244593,188000,56.06667,-158.6756
238,"W Chig",1985,"Chignik","SEAK","Chignik",226001,67500,56.06667,-158.6756
238,"W Chig",1986,"Chignik","SEAK","Chignik",1373782,43800,56.06667,-158.6756
238,"W Chig",1987,"Chignik","SEAK","Chignik",57900,38300,56.06667,-158.6756
238,"W Chig",1988,"Chignik","SEAK","Chignik",180110,232400,56.06667,-158.6756
238,"W Chig",1989,"Chignik","SEAK","Chignik",516064,57900,56.06667,-158.6756
238,"W Chig",1990,"Chignik","SEAK","Chignik",667700,44300,56.06667,-158.6756
238,"W Chig",1991,"Chignik","SEAK","Chignik",731405,96800,56.06667,-158.6756
238,"W Chig",1992,"Chignik","SEAK","Chignik",286241,38800,56.06667,-158.6756
238,"W Chig",1993,"Chignik","SEAK","Chignik",1346418,45800,56.06667,-158.6756
238,"W Chig",1994,"Chignik","SEAK","Chignik",321671,111600,56.06667,-158.6756
238,"W Chig",1995,"Chignik","SEAK","Chignik",424303,554700,56.06667,-158.6756
238,"W Chig",1996,"Chignik","SEAK","Chignik",493587,220800,56.06667,-158.6756
238,"W Chig",1997,"Chignik","SEAK","Chignik",909311,306300,56.06667,-158.6756
238,"W Chig",1998,"Chignik","SEAK","Chignik",236247,150400,56.06667,-158.6756
238,"W Chig",1999,"Chignik","SEAK","Chignik",687537,137900,56.06667,-158.6756
238,"W Chig",2000,"Chignik","SEAK","Chignik",122419,130100,56.06667,-158.6756
238,"W Chig",2001,"Chignik","SEAK","Chignik",443889,263000,56.06667,-158.6756
238,"W Chig",2002,"Chignik","SEAK","Chignik",94340,85501,56.06667,-158.6756
238,"W Chig",2003,"Chignik","SEAK","Chignik",278452,117650,56.06667,-158.6756
238,"W Chig",2004,"Chignik","SEAK","Chignik",193764,94340,56.06667,-158.6756
238,"W Chig",2005,"Chignik","SEAK","Chignik",1265331,257500,56.06667,-158.6756
238,"W Chig",2006,"Chignik","SEAK","Chignik",1161942,31800,56.06667,-158.6756
238,"W Chig",2007,"Chignik","SEAK","Chignik",841990,113000,56.06667,-158.6756
238,"W Chig",2008,"Chignik","SEAK","Chignik",247716,99460,56.06667,-158.6756
238,"W Chig",2009,"Chignik","SEAK","Chignik",455001,130100,56.06667,-158.6756
239,"Perryville",1962,"Chignik","SEAK","Chignik",194600,155500,55.85417,-159.3314
239,"Perryville",1963,"Chignik","SEAK","Chignik",726800,162000,55.85417,-159.3314
239,"Perryville",1964,"Chignik","SEAK","Chignik",178200,72000,55.85417,-159.3314
239,"Perryville",1965,"Chignik","SEAK","Chignik",160500,82000,55.85417,-159.3314
239,"Perryville",1966,"Chignik","SEAK","Chignik",324800,90000,55.85417,-159.3314
239,"Perryville",1967,"Chignik","SEAK","Chignik",1480800,155300,55.85417,-159.3314
239,"Perryville",1968,"Chignik","SEAK","Chignik",444000,128700,55.85417,-159.3314
239,"Perryville",1969,"Chignik","SEAK","Chignik",257100,218600,55.85417,-159.3314
239,"Perryville",1970,"Chignik","SEAK","Chignik",19800,72600,55.85417,-159.3314
239,"Perryville",1971,"Chignik","SEAK","Chignik",31500,45000,55.85417,-159.3314
239,"Perryville",1972,"Chignik","SEAK","Chignik",60200,7800,55.85417,-159.3314
239,"Perryville",1973,"Chignik","SEAK","Chignik",45300,31500,55.85417,-159.3314
239,"Perryville",1974,"Chignik","SEAK","Chignik",194500,60200,55.85417,-159.3314
239,"Perryville",1975,"Chignik","SEAK","Chignik",160000,45300,55.85417,-159.3314
239,"Perryville",1976,"Chignik","SEAK","Chignik",438300,89300,55.85417,-159.3314
239,"Perryville",1977,"Chignik","SEAK","Chignik",452700,115400,55.85417,-159.3314
239,"Perryville",1978,"Chignik","SEAK","Chignik",189420,157500,55.85417,-159.3314
239,"Perryville",1979,"Chignik","SEAK","Chignik",340312,181300,55.85417,-159.3314
239,"Perryville",1980,"Chignik","SEAK","Chignik",31723,74800,55.85417,-159.3314
239,"Perryville",1981,"Chignik","SEAK","Chignik",178378,116000,55.85417,-159.3314
239,"Perryville",1982,"Chignik","SEAK","Chignik",110641,13400,55.85417,-159.3314
239,"Perryville",1983,"Chignik","SEAK","Chignik",277665,64500,55.85417,-159.3314
239,"Perryville",1984,"Chignik","SEAK","Chignik",341806,109800,55.85417,-159.3314
239,"Perryville",1985,"Chignik","SEAK","Chignik",101039,235200,55.85417,-159.3314
239,"Perryville",1986,"Chignik","SEAK","Chignik",592547,180500,55.85417,-159.3314
239,"Perryville",1987,"Chignik","SEAK","Chignik",267400,65700,55.85417,-159.3314
239,"Perryville",1988,"Chignik","SEAK","Chignik",133819,181300,55.85417,-159.3314
239,"Perryville",1989,"Chignik","SEAK","Chignik",815375,267400,55.85417,-159.3314
239,"Perryville",1990,"Chignik","SEAK","Chignik",548599,88400,55.85417,-159.3314
239,"Perryville",1991,"Chignik","SEAK","Chignik",1097471,343500,55.85417,-159.3314
239,"Perryville",1992,"Chignik","SEAK","Chignik",238796,190400,55.85417,-159.3314
239,"Perryville",1993,"Chignik","SEAK","Chignik",1263124,448400,55.85417,-159.3314
239,"Perryville",1994,"Chignik","SEAK","Chignik",454175,153900,55.85417,-159.3314
239,"Perryville",1995,"Chignik","SEAK","Chignik",232545,582100,55.85417,-159.3314
239,"Perryville",1996,"Chignik","SEAK","Chignik",330090,395700,55.85417,-159.3314
239,"Perryville",1997,"Chignik","SEAK","Chignik",343160,221500,55.85417,-159.3314
239,"Perryville",1998,"Chignik","SEAK","Chignik",110633,222800,55.85417,-159.3314
239,"Perryville",1999,"Chignik","SEAK","Chignik",193412,179700,55.85417,-159.3314
239,"Perryville",2000,"Chignik","SEAK","Chignik",63469,98700,55.85417,-159.3314
239,"Perryville",2001,"Chignik","SEAK","Chignik",130854,150200,55.85417,-159.3314
239,"Perryville",2002,"Chignik","SEAK","Chignik",134320,62170,55.85417,-159.3314
239,"Perryville",2003,"Chignik","SEAK","Chignik",190743,99500,55.85417,-159.3314
239,"Perryville",2004,"Chignik","SEAK","Chignik",83500,134320,55.85417,-159.3314
239,"Perryville",2005,"Chignik","SEAK","Chignik",207447,188600,55.85417,-159.3314
239,"Perryville",2006,"Chignik","SEAK","Chignik",482414,83500,55.85417,-159.3314
239,"Perryville",2007,"Chignik","SEAK","Chignik",142454,184000,55.85417,-159.3314
239,"Perryville",2008,"Chignik","SEAK","Chignik",26510,173200,55.85417,-159.3314
239,"Perryville",2009,"Chignik","SEAK","Chignik",366263,116450,55.85417,-159.3314
221,"S SEAK",1960,"SEAK","SEAK","SEAK",18018178,1645698,55.71556,-131.8714
221,"S SEAK",1961,"SEAK","SEAK","SEAK",11375279,3051815,55.71556,-131.8714
221,"S SEAK",1962,"SEAK","SEAK","SEAK",18498952,7277750,55.71556,-131.8714
221,"S SEAK",1963,"SEAK","SEAK","SEAK",11499633,6239135,55.71556,-131.8714
221,"S SEAK",1964,"SEAK","SEAK","SEAK",24066918,7241005,55.71556,-131.8714
221,"S SEAK",1965,"SEAK","SEAK","SEAK",4335653,5789175,55.71556,-131.8714
221,"S SEAK",1966,"SEAK","SEAK","SEAK",22660571,8505363,55.71556,-131.8714
221,"S SEAK",1967,"SEAK","SEAK","SEAK",5491593,3694113,55.71556,-131.8714
221,"S SEAK",1968,"SEAK","SEAK","SEAK",11799014,7466695,55.71556,-131.8714
221,"S SEAK",1969,"SEAK","SEAK","SEAK",13509162,4292453,55.71556,-131.8714
221,"S SEAK",1970,"SEAK","SEAK","SEAK",15278598,6428255,55.71556,-131.8714
221,"S SEAK",1971,"SEAK","SEAK","SEAK",10606553,7249918,55.71556,-131.8714
221,"S SEAK",1972,"SEAK","SEAK","SEAK",9844298,6125953,55.71556,-131.8714
221,"S SEAK",1973,"SEAK","SEAK","SEAK",11491835,6048048,55.71556,-131.8714
221,"S SEAK",1974,"SEAK","SEAK","SEAK",13648641,5623493,55.71556,-131.8714
221,"S SEAK",1975,"SEAK","SEAK","SEAK",23897761,8158853,55.71556,-131.8714
221,"S SEAK",1976,"SEAK","SEAK","SEAK",28963338,8486705,55.71556,-131.8714
221,"S SEAK",1977,"SEAK","SEAK","SEAK",15575736,12599508,55.71556,-131.8714
221,"S SEAK",1978,"SEAK","SEAK","SEAK",25022308,10538360,55.71556,-131.8714
221,"S SEAK",1979,"SEAK","SEAK","SEAK",25227802,8585955,55.71556,-131.8714
221,"S SEAK",1980,"SEAK","SEAK","SEAK",23055870,12098035,55.71556,-131.8714
221,"S SEAK",1981,"SEAK","SEAK","SEAK",47769995,11702868,55.71556,-131.8714
221,"S SEAK",1982,"SEAK","SEAK","SEAK",38863370,10094798,55.71556,-131.8714
221,"S SEAK",1983,"SEAK","SEAK","SEAK",55599110,16308113,55.71556,-131.8714
221,"S SEAK",1984,"SEAK","SEAK","SEAK",73580617,19186855,55.71556,-131.8714
221,"S SEAK",1985,"SEAK","SEAK","SEAK",15904992,24886955,55.71556,-131.8714
221,"S SEAK",1986,"SEAK","SEAK","SEAK",17230952,28561160,55.71556,-131.8714
221,"S SEAK",1987,"SEAK","SEAK","SEAK",64093613,11273663,55.71556,-131.8714
221,"S SEAK",1988,"SEAK","SEAK","SEAK",39534645,8176163,55.71556,-131.8714
221,"S SEAK",1989,"SEAK","SEAK","SEAK",57573643,18330133,55.71556,-131.8714
221,"S SEAK",1990,"SEAK","SEAK","SEAK",32723774,12851393,55.71556,-131.8714
221,"S SEAK",1991,"SEAK","SEAK","SEAK",55400184,14076368,55.71556,-131.8714
221,"S SEAK",1992,"SEAK","SEAK","SEAK",34227825,13714198,55.71556,-131.8714
221,"S SEAK",1993,"SEAK","SEAK","SEAK",60780765,16181233,55.71556,-131.8714
221,"S SEAK",1994,"SEAK","SEAK","SEAK",83426596,13167560,55.71556,-131.8714
221,"S SEAK",1995,"SEAK","SEAK","SEAK",30225545,19465300,55.71556,-131.8714
221,"S SEAK",1996,"SEAK","SEAK","SEAK",41128808,29750273,55.71556,-131.8714
221,"S SEAK",1997,"SEAK","SEAK","SEAK",67046610,14927440,55.71556,-131.8714
221,"S SEAK",1998,"SEAK","SEAK","SEAK",25882720,17380043,55.71556,-131.8714
221,"S SEAK",1999,"SEAK","SEAK","SEAK",79477238,28189610,55.71556,-131.8714
221,"S SEAK",2000,"SEAK","SEAK","SEAK",45432341,13505943,55.71556,-131.8714
221,"S SEAK",2001,"SEAK","SEAK","SEAK",53720970,27465698,55.71556,-131.8714
221,"S SEAK",2002,"SEAK","SEAK","SEAK",41564106,22113080,55.71556,-131.8714
221,"S SEAK",2003,"SEAK","SEAK","SEAK",52353479,24443423,55.71556,-131.8714
221,"S SEAK",2004,"SEAK","SEAK","SEAK",14086080,20639850,55.71556,-131.8714
221,"S SEAK",2005,"SEAK","SEAK","SEAK",58255286,23489198,55.71556,-131.8714
221,"S SEAK",2006,"SEAK","SEAK","SEAK",29374172,10818898,55.71556,-131.8714
221,"S SEAK",2007,"SEAK","SEAK","SEAK",44429724,26478430,55.71556,-131.8714
221,"S SEAK",2008,"SEAK","SEAK","SEAK",28551949,15735923,55.71556,-131.8714
254,"Nass-Skeena Estuary (even)",1954,"SEAK","SEAK","BC North",2730879.86,843146.4085,52.45,-129.1
257,"Middle-Upper Skeena (even)",1954,"SEAK","SEAK","BC North",187758.9275,171035.1379,52.45,-129.1
261,"Nass-Skeena Estuary (odd)",1955,"SEAK","SEAK","BC North",1024647.951,129859.5784,52.45,-129.1
226,"PWS",1960,"PWS","GOA","PWS",12527895,3872483,60.5,-147
226,"PWS",1961,"PWS","GOA","PWS",9182247,6304415,60.5,-147
226,"PWS",1962,"PWS","GOA","PWS",9486942,5785579,60.5,-147
226,"PWS",1963,"PWS","GOA","PWS",5258510,3886869,60.5,-147
226,"PWS",1964,"PWS","GOA","PWS",6779607,5280046,60.5,-147
226,"PWS",1965,"PWS","GOA","PWS",5041076,2798039,60.5,-147
226,"PWS",1966,"PWS","GOA","PWS",5767850,4080189,60.5,-147
226,"PWS",1967,"PWS","GOA","PWS",5988470,2414736,60.5,-147
226,"PWS",1968,"PWS","GOA","PWS",5617393,3315682,60.5,-147
226,"PWS",1969,"PWS","GOA","PWS",10500614,1159891,60.5,-147
226,"PWS",1970,"PWS","GOA","PWS",1893028,2807397,60.5,-147
226,"PWS",1971,"PWS","GOA","PWS",5568948,3189650,60.5,-147
226,"PWS",1972,"PWS","GOA","PWS",3195677,1838245,60.5,-147
226,"PWS",1973,"PWS","GOA","PWS",8081131,3512070,60.5,-147
226,"PWS",1974,"PWS","GOA","PWS",5061072,2746904,60.5,-147
226,"PWS",1975,"PWS","GOA","PWS",8649844,3628326,60.5,-147
226,"PWS",1976,"PWS","GOA","PWS",5335368,2042081,60.5,-147
226,"PWS",1977,"PWS","GOA","PWS",22753414,4351110,60.5,-147
226,"PWS",1978,"PWS","GOA","PWS",16058329,2165671,60.5,-147
226,"PWS",1979,"PWS","GOA","PWS",23613324,8319888,60.5,-147
226,"PWS",1980,"PWS","GOA","PWS",20246569,3139455,60.5,-147
226,"PWS",1981,"PWS","GOA","PWS",15307092,6210777,60.5,-147
226,"PWS",1982,"PWS","GOA","PWS",27866302,5301370,60.5,-147
226,"PWS",1983,"PWS","GOA","PWS",24321751,5742850,60.5,-147
226,"PWS",1984,"PWS","GOA","PWS",7404669,10234627,60.5,-147
226,"PWS",1985,"PWS","GOA","PWS",15628835,6731643,60.5,-147
226,"PWS",1986,"PWS","GOA","PWS",3580072,2826646,60.5,-147
226,"PWS",1987,"PWS","GOA","PWS",7046989,3934108,60.5,-147
226,"PWS",1988,"PWS","GOA","PWS",15231063,2784300,60.5,-147
226,"PWS",1989,"PWS","GOA","PWS",10766782,3536915,60.5,-147
226,"PWS",1990,"PWS","GOA","PWS",2418285,3543306,60.5,-147
226,"PWS",1991,"PWS","GOA","PWS",3532463,4947798,60.5,-147
226,"PWS",1992,"PWS","GOA","PWS",7297728,1555439,60.5,-147
226,"PWS",1993,"PWS","GOA","PWS",6156249,3055161,60.5,-147
226,"PWS",1994,"PWS","GOA","PWS",7269432,4040370,60.5,-147
226,"PWS",1995,"PWS","GOA","PWS",5244801,3412225,60.5,-147
226,"PWS",1996,"PWS","GOA","PWS",7925573,4252683,60.5,-147
226,"PWS",1997,"PWS","GOA","PWS",14003294,4078807,60.5,-147
226,"PWS",1998,"PWS","GOA","PWS",10487301,4071402,60.5,-147
226,"PWS",1999,"PWS","GOA","PWS",12589343,7060958,60.5,-147
226,"PWS",2000,"PWS","GOA","PWS",3025531,4756388,60.5,-147
226,"PWS",2001,"PWS","GOA","PWS",12659282,5735052,60.5,-147
226,"PWS",2002,"PWS","GOA","PWS",8675473,2704063,60.5,-147
226,"PWS",2003,"PWS","GOA","PWS",25874686,8161502,60.5,-147
226,"PWS",2004,"PWS","GOA","PWS",5537896,5737165,60.5,-147
226,"PWS",2005,"PWS","GOA","PWS",14344498,13578314,60.5,-147
226,"PWS",2006,"PWS","GOA","PWS",3900803,3413995,60.5,-147
226,"PWS",2007,"PWS","GOA","PWS",6240186,4326643,60.5,-147
226,"PWS",2008,"PWS","GOA","PWS",7899360,2472530,60.5,-147
226,"PWS",2009,"PWS","GOA","PWS",16975186,5245478,60.5,-147
228,"Outer CIn",1976,"Cook Inlet","GOA","Cook Inlet",118800,15800,59.38389,-150.7528
228,"Outer CIn",1977,"Cook Inlet","GOA","Cook Inlet",2223900,231200,59.38389,-150.7528
228,"Outer CIn",1978,"Cook Inlet","GOA","Cook Inlet",223400,55200,59.38389,-150.7528
228,"Outer CIn",1979,"Cook Inlet","GOA","Cook Inlet",1672000,322600,59.38389,-150.7528
228,"Outer CIn",1980,"Cook Inlet","GOA","Cook Inlet",109600,86900,59.38389,-150.7528
228,"Outer CIn",1981,"Cook Inlet","GOA","Cook Inlet",312700,219200,59.38389,-150.7528
228,"Outer CIn",1982,"Cook Inlet","GOA","Cook Inlet",187500,53000,59.38389,-150.7528
228,"Outer CIn",1983,"Cook Inlet","GOA","Cook Inlet",609100,137900,59.38389,-150.7528
228,"Outer CIn",1984,"Cook Inlet","GOA","Cook Inlet",397400,102900,59.38389,-150.7528
228,"Outer CIn",1985,"Cook Inlet","GOA","Cook Inlet",32700,132100,59.38389,-150.7528
228,"Outer CIn",1986,"Cook Inlet","GOA","Cook Inlet",57400,93400,59.38389,-150.7528
228,"Outer CIn",1987,"Cook Inlet","GOA","Cook Inlet",152900,29700,59.38389,-150.7528
228,"Outer CIn",1988,"Cook Inlet","GOA","Cook Inlet",331855,51500,59.38389,-150.7528
228,"Outer CIn",1989,"Cook Inlet","GOA","Cook Inlet",557081,143200,59.38389,-150.7528
228,"Outer CIn",1990,"Cook Inlet","GOA","Cook Inlet",68121,140696,59.38389,-150.7528
228,"Outer CIn",1991,"Cook Inlet","GOA","Cook Inlet",348091,200192,59.38389,-150.7528
228,"Outer CIn",1992,"Cook Inlet","GOA","Cook Inlet",81778,68021,59.38389,-150.7528
228,"Outer CIn",1993,"Cook Inlet","GOA","Cook Inlet",300415,215819,59.38389,-150.7528
228,"Outer CIn",1994,"Cook Inlet","GOA","Cook Inlet",184211,80178,59.38389,-150.7528
228,"Outer CIn",1995,"Cook Inlet","GOA","Cook Inlet",419239,138122,59.38389,-150.7528
228,"Outer CIn",1996,"Cook Inlet","GOA","Cook Inlet",504294,184211,59.38389,-150.7528
228,"Outer CIn",1997,"Cook Inlet","GOA","Cook Inlet",78156,292179,59.38389,-150.7528
228,"Outer CIn",1998,"Cook Inlet","GOA","Cook Inlet",775357,416368,59.38389,-150.7528
228,"Outer CIn",1999,"Cook Inlet","GOA","Cook Inlet",370606,78156,59.38389,-150.7528
228,"Outer CIn",2000,"Cook Inlet","GOA","Cook Inlet",864060,469090,59.38389,-150.7528
228,"Outer CIn",2001,"Cook Inlet","GOA","Cook Inlet",1046345,344419,59.38389,-150.7528
228,"Outer CIn",2002,"Cook Inlet","GOA","Cook Inlet",231818,409965,59.38389,-150.7528
228,"Outer CIn",2003,"Cook Inlet","GOA","Cook Inlet",697011,789129,59.38389,-150.7528
228,"Outer CIn",2004,"Cook Inlet","GOA","Cook Inlet",1529905,190261,59.38389,-150.7528
228,"Outer CIn",2005,"Cook Inlet","GOA","Cook Inlet",567757,586816,59.38389,-150.7528
228,"Outer CIn",2006,"Cook Inlet","GOA","Cook Inlet",789378,409460,59.38389,-150.7528
228,"Outer CIn",2007,"Cook Inlet","GOA","Cook Inlet",1280443,453581,59.38389,-150.7528
228,"Outer CIn",2008,"Cook Inlet","GOA","Cook Inlet",476849,321797,59.38389,-150.7528
228,"Outer CIn",2009,"Cook Inlet","GOA","Cook Inlet",352021,427406,59.38389,-150.7528
227,"S CIn",1976,"Cook Inlet","GOA","Cook Inlet",122800,52800,59.52528,-151.48
227,"S CIn",1977,"Cook Inlet","GOA","Cook Inlet",661500,121700,59.52528,-151.48
227,"S CIn",1978,"Cook Inlet","GOA","Cook Inlet",260200,70700,59.52528,-151.48
227,"S CIn",1979,"Cook Inlet","GOA","Cook Inlet",544000,243700,59.52528,-151.48
227,"S CIn",1980,"Cook Inlet","GOA","Cook Inlet",145500,129900,59.52528,-151.48
227,"S CIn",1981,"Cook Inlet","GOA","Cook Inlet",184100,177700,59.52528,-151.48
227,"S CIn",1982,"Cook Inlet","GOA","Cook Inlet",154100,70300,59.52528,-151.48
227,"S CIn",1983,"Cook Inlet","GOA","Cook Inlet",149200,132700,59.52528,-151.48
227,"S CIn",1984,"Cook Inlet","GOA","Cook Inlet",197400,98400,59.52528,-151.48
227,"S CIn",1985,"Cook Inlet","GOA","Cook Inlet",35400,139800,59.52528,-151.48
227,"S CIn",1986,"Cook Inlet","GOA","Cook Inlet",43800,77900,59.52528,-151.48
227,"S CIn",1987,"Cook Inlet","GOA","Cook Inlet",211700,34200,59.52528,-151.48
227,"S CIn",1988,"Cook Inlet","GOA","Cook Inlet",58292,38300,59.52528,-151.48
227,"S CIn",1989,"Cook Inlet","GOA","Cook Inlet",47621,119200,59.52528,-151.48
227,"S CIn",1990,"Cook Inlet","GOA","Cook Inlet",31449,54782,59.52528,-151.48
227,"S CIn",1991,"Cook Inlet","GOA","Cook Inlet",81997,47356,59.52528,-151.48
227,"S CIn",1992,"Cook Inlet","GOA","Cook Inlet",43936,29535,59.52528,-151.48
227,"S CIn",1993,"Cook Inlet","GOA","Cook Inlet",159689,79374,59.52528,-151.48
227,"S CIn",1994,"Cook Inlet","GOA","Cook Inlet",30845,38536,59.52528,-151.48
227,"S CIn",1995,"Cook Inlet","GOA","Cook Inlet",129750,137782,59.52528,-151.48
227,"S CIn",1996,"Cook Inlet","GOA","Cook Inlet",56425,26757,59.52528,-151.48
227,"S CIn",1997,"Cook Inlet","GOA","Cook Inlet",26449,117414,59.52528,-151.48
227,"S CIn",1998,"Cook Inlet","GOA","Cook Inlet",86096,49027,59.52528,-151.48
227,"S CIn",1999,"Cook Inlet","GOA","Cook Inlet",47607,24986,59.52528,-151.48
227,"S CIn",2000,"Cook Inlet","GOA","Cook Inlet",65292,75897,59.52528,-151.48
227,"S CIn",2001,"Cook Inlet","GOA","Cook Inlet",128722,42722,59.52528,-151.48
227,"S CIn",2002,"Cook Inlet","GOA","Cook Inlet",85795,63989,59.52528,-151.48
227,"S CIn",2003,"Cook Inlet","GOA","Cook Inlet",192637,125991,59.52528,-151.48
227,"S CIn",2004,"Cook Inlet","GOA","Cook Inlet",118413,85708,59.52528,-151.48
227,"S CIn",2005,"Cook Inlet","GOA","Cook Inlet",123394,192358,59.52528,-151.48
227,"S CIn",2006,"Cook Inlet","GOA","Cook Inlet",144354,118413,59.52528,-151.48
227,"S CIn",2007,"Cook Inlet","GOA","Cook Inlet",19826,123394,59.52528,-151.48
227,"S CIn",2008,"Cook Inlet","GOA","Cook Inlet",96572,144354,59.52528,-151.48
227,"S CIn",2009,"Cook Inlet","GOA","Cook Inlet",47901,19826,59.52528,-151.48
229,"Kamishak",1976,"Cook Inlet","GOA","Cook Inlet",34200,15000,59.27,-154.1175
229,"Kamishak",1977,"Cook Inlet","GOA","Cook Inlet",281700,82000,59.27,-154.1175
229,"Kamishak",1978,"Cook Inlet","GOA","Cook Inlet",508100,34100,59.27,-154.1175
229,"Kamishak",1979,"Cook Inlet","GOA","Cook Inlet",192900,227000,59.27,-154.1175
229,"Kamishak",1980,"Cook Inlet","GOA","Cook Inlet",124000,407500,59.27,-154.1175
229,"Kamishak",1981,"Cook Inlet","GOA","Cook Inlet",10700,126900,59.27,-154.1175
229,"Kamishak",1982,"Cook Inlet","GOA","Cook Inlet",262500,90500,59.27,-154.1175
229,"Kamishak",1983,"Cook Inlet","GOA","Cook Inlet",21900,10400,59.27,-154.1175
229,"Kamishak",1984,"Cook Inlet","GOA","Cook Inlet",1757800,128800,59.27,-154.1175
229,"Kamishak",1985,"Cook Inlet","GOA","Cook Inlet",164500,21900,59.27,-154.1175
229,"Kamishak",1986,"Cook Inlet","GOA","Cook Inlet",114400,1337000,59.27,-154.1175
229,"Kamishak",1987,"Cook Inlet","GOA","Cook Inlet",829600,93900,59.27,-154.1175
229,"Kamishak",1988,"Cook Inlet","GOA","Cook Inlet",23350,64000,59.27,-154.1175
229,"Kamishak",1989,"Cook Inlet","GOA","Cook Inlet",157610,573000,59.27,-154.1175
229,"Kamishak",1990,"Cook Inlet","GOA","Cook Inlet",13366,22950,59.27,-154.1175
229,"Kamishak",1991,"Cook Inlet","GOA","Cook Inlet",185783,112510,59.27,-154.1175
229,"Kamishak",1992,"Cook Inlet","GOA","Cook Inlet",10239,11155,59.27,-154.1175
229,"Kamishak",1993,"Cook Inlet","GOA","Cook Inlet",662658,185677,59.27,-154.1175
229,"Kamishak",1994,"Cook Inlet","GOA","Cook Inlet",38255,10239,59.27,-154.1175
229,"Kamishak",1995,"Cook Inlet","GOA","Cook Inlet",257906,499858,59.27,-154.1175
229,"Kamishak",1996,"Cook Inlet","GOA","Cook Inlet",168561,38255,59.27,-154.1175
229,"Kamishak",1997,"Cook Inlet","GOA","Cook Inlet",14429,257606,59.27,-154.1175
229,"Kamishak",1998,"Cook Inlet","GOA","Cook Inlet",231525,166785,59.27,-154.1175
229,"Kamishak",1999,"Cook Inlet","GOA","Cook Inlet",65283,13622,59.27,-154.1175
229,"Kamishak",2000,"Cook Inlet","GOA","Cook Inlet",2162998,227428,59.27,-154.1175
229,"Kamishak",2001,"Cook Inlet","GOA","Cook Inlet",786462,63919,59.27,-154.1175
229,"Kamishak",2002,"Cook Inlet","GOA","Cook Inlet",127167,1719239,59.27,-154.1175
229,"Kamishak",2003,"Cook Inlet","GOA","Cook Inlet",278492,774457,59.27,-154.1175
229,"Kamishak",2004,"Cook Inlet","GOA","Cook Inlet",685293,121214,59.27,-154.1175
229,"Kamishak",2005,"Cook Inlet","GOA","Cook Inlet",1004418,275499,59.27,-154.1175
229,"Kamishak",2006,"Cook Inlet","GOA","Cook Inlet",196738,621248,59.27,-154.1175
229,"Kamishak",2007,"Cook Inlet","GOA","Cook Inlet",1371879,994600,59.27,-154.1175
229,"Kamishak",2008,"Cook Inlet","GOA","Cook Inlet",50013,188551,59.27,-154.1175
229,"Kamishak",2009,"Cook Inlet","GOA","Cook Inlet",9931,1240152,59.27,-154.1175
240,"SE-SC AKPen",1962,"AK Peninsula","GOA","AK Peninsula",2417000,826100,55.5,-161
240,"SE-SC AKPen",1963,"AK Peninsula","GOA","AK Peninsula",3121300,886500,55.5,-161
240,"SE-SC AKPen",1964,"AK Peninsula","GOA","AK Peninsula",847700,902400,55.5,-161
240,"SE-SC AKPen",1965,"AK Peninsula","GOA","AK Peninsula",380400,789900,55.5,-161
240,"SE-SC AKPen",1966,"AK Peninsula","GOA","AK Peninsula",1391400,627400,55.5,-161
240,"SE-SC AKPen",1967,"AK Peninsula","GOA","AK Peninsula",2769000,327300,55.5,-161
240,"SE-SC AKPen",1968,"AK Peninsula","GOA","AK Peninsula",2386410,528100,55.5,-161
240,"SE-SC AKPen",1969,"AK Peninsula","GOA","AK Peninsula",1699982,1906200,55.5,-161
240,"SE-SC AKPen",1970,"AK Peninsula","GOA","AK Peninsula",135139,1007900,55.5,-161
240,"SE-SC AKPen",1971,"AK Peninsula","GOA","AK Peninsula",122248,488000,55.5,-161
240,"SE-SC AKPen",1972,"AK Peninsula","GOA","AK Peninsula",334551,81800,55.5,-161
240,"SE-SC AKPen",1973,"AK Peninsula","GOA","AK Peninsula",387852,85700,55.5,-161
240,"SE-SC AKPen",1974,"AK Peninsula","GOA","AK Peninsula",3120223,238600,55.5,-161
240,"SE-SC AKPen",1975,"AK Peninsula","GOA","AK Peninsula",3332005,357800,55.5,-161
240,"SE-SC AKPen",1976,"AK Peninsula","GOA","AK Peninsula",6134178,1084000,55.5,-161
240,"SE-SC AKPen",1977,"AK Peninsula","GOA","AK Peninsula",6964648,2168500,55.5,-161
240,"SE-SC AKPen",1978,"AK Peninsula","GOA","AK Peninsula",3929976,1966300,55.5,-161
240,"SE-SC AKPen",1979,"AK Peninsula","GOA","AK Peninsula",6071419,2125100,55.5,-161
240,"SE-SC AKPen",1980,"AK Peninsula","GOA","AK Peninsula",5638149,1410400,55.5,-161
240,"SE-SC AKPen",1981,"AK Peninsula","GOA","AK Peninsula",2884632,1875000,55.5,-161
240,"SE-SC AKPen",1982,"AK Peninsula","GOA","AK Peninsula",9059847,1533200,55.5,-161
240,"SE-SC AKPen",1983,"AK Peninsula","GOA","AK Peninsula",4553351,639200,55.5,-161
240,"SE-SC AKPen",1984,"AK Peninsula","GOA","AK Peninsula",4252131,2526700,55.5,-161
240,"SE-SC AKPen",1985,"AK Peninsula","GOA","AK Peninsula",2447836,1229300,55.5,-161
240,"SE-SC AKPen",1986,"AK Peninsula","GOA","AK Peninsula",6336986,1185500,55.5,-161
240,"SE-SC AKPen",1987,"AK Peninsula","GOA","AK Peninsula",6758046,1304400,55.5,-161
240,"SE-SC AKPen",1988,"AK Peninsula","GOA","AK Peninsula",2752427,1636500,55.5,-161
240,"SE-SC AKPen",1989,"AK Peninsula","GOA","AK Peninsula",9799100,1179300,55.5,-161
240,"SE-SC AKPen",1990,"AK Peninsula","GOA","AK Peninsula",6632245,1018200,55.5,-161
240,"SE-SC AKPen",1991,"AK Peninsula","GOA","AK Peninsula",9722753,2268400,55.5,-161
240,"SE-SC AKPen",1992,"AK Peninsula","GOA","AK Peninsula",4844477,1781000,55.5,-161
240,"SE-SC AKPen",1993,"AK Peninsula","GOA","AK Peninsula",15767364,2232200,55.5,-161
240,"SE-SC AKPen",1994,"AK Peninsula","GOA","AK Peninsula",4181630,1700525,55.5,-161
240,"SE-SC AKPen",1995,"AK Peninsula","GOA","AK Peninsula",4849767,4404450,55.5,-161
240,"SE-SC AKPen",1996,"AK Peninsula","GOA","AK Peninsula",8421894,2668950,55.5,-161
240,"SE-SC AKPen",1997,"AK Peninsula","GOA","AK Peninsula",10265462,4021375,55.5,-161
240,"SE-SC AKPen",1998,"AK Peninsula","GOA","AK Peninsula",4033331,2856255,55.5,-161
240,"SE-SC AKPen",1999,"AK Peninsula","GOA","AK Peninsula",4785628,3363080,55.5,-161
240,"SE-SC AKPen",2000,"AK Peninsula","GOA","AK Peninsula",3575355,1688785,55.5,-161
240,"SE-SC AKPen",2001,"AK Peninsula","GOA","AK Peninsula",6643254,2040120,55.5,-161
240,"SE-SC AKPen",2002,"AK Peninsula","GOA","AK Peninsula",11076199,2108450,55.5,-161
240,"SE-SC AKPen",2003,"AK Peninsula","GOA","AK Peninsula",9914090,3674120,55.5,-161
240,"SE-SC AKPen",2004,"AK Peninsula","GOA","AK Peninsula",3980978,5969710,55.5,-161
240,"SE-SC AKPen",2005,"AK Peninsula","GOA","AK Peninsula",6980959,4271270,55.5,-161
240,"SE-SC AKPen",2006,"AK Peninsula","GOA","AK Peninsula",9321807,1648365,55.5,-161
240,"SE-SC AKPen",2007,"AK Peninsula","GOA","AK Peninsula",5403117,1805873,55.5,-161
240,"SE-SC AKPen",2008,"AK Peninsula","GOA","AK Peninsula",857212,2332920,55.5,-161
240,"SE-SC AKPen",2009,"AK Peninsula","GOA","AK Peninsula",5757375,1669900,55.5,-161
242,"NW AKPen",1962,"AK Peninsula","GOA","AK Peninsula",21800,4000,54.982,-163.37
242,"NW AKPen",1963,"AK Peninsula","GOA","AK Peninsula",2900,4400,54.982,-163.37
242,"NW AKPen",1964,"AK Peninsula","GOA","AK Peninsula",17700,15000,54.982,-163.37
242,"NW AKPen",1965,"AK Peninsula","GOA","AK Peninsula",1000,900,54.982,-163.37
242,"NW AKPen",1966,"AK Peninsula","GOA","AK Peninsula",26500,1700,54.982,-163.37
242,"NW AKPen",1967,"AK Peninsula","GOA","AK Peninsula",4400,700,54.982,-163.37
242,"NW AKPen",1968,"AK Peninsula","GOA","AK Peninsula",18945,26500,54.982,-163.37
242,"NW AKPen",1969,"AK Peninsula","GOA","AK Peninsula",8776,4400,54.982,-163.37
242,"NW AKPen",1970,"AK Peninsula","GOA","AK Peninsula",1232,11100,54.982,-163.37
242,"NW AKPen",1971,"AK Peninsula","GOA","AK Peninsula",234,8500,54.982,-163.37
242,"NW AKPen",1972,"AK Peninsula","GOA","AK Peninsula",33306,1200,54.982,-163.37
242,"NW AKPen",1973,"AK Peninsula","GOA","AK Peninsula",609,200,54.982,-163.37
242,"NW AKPen",1974,"AK Peninsula","GOA","AK Peninsula",37385,23000,54.982,-163.37
242,"NW AKPen",1975,"AK Peninsula","GOA","AK Peninsula",6400,600,54.982,-163.37
242,"NW AKPen",1976,"AK Peninsula","GOA","AK Peninsula",558182,37300,54.982,-163.37
242,"NW AKPen",1977,"AK Peninsula","GOA","AK Peninsula",12677,6400,54.982,-163.37
242,"NW AKPen",1978,"AK Peninsula","GOA","AK Peninsula",391929,90400,54.982,-163.37
242,"NW AKPen",1979,"AK Peninsula","GOA","AK Peninsula",14763,9300,54.982,-163.37
242,"NW AKPen",1980,"AK Peninsula","GOA","AK Peninsula",56785,94000,54.982,-163.37
242,"NW AKPen",1981,"AK Peninsula","GOA","AK Peninsula",5218,5700,54.982,-163.37
242,"NW AKPen",1982,"AK Peninsula","GOA","AK Peninsula",42869,51700,54.982,-163.37
242,"NW AKPen",1983,"AK Peninsula","GOA","AK Peninsula",3352,3900,54.982,-163.37
242,"NW AKPen",1984,"AK Peninsula","GOA","AK Peninsula",22785,33000,54.982,-163.37
242,"NW AKPen",1985,"AK Peninsula","GOA","AK Peninsula",1946,1400,54.982,-163.37
242,"NW AKPen",1986,"AK Peninsula","GOA","AK Peninsula",58655,12900,54.982,-163.37
242,"NW AKPen",1987,"AK Peninsula","GOA","AK Peninsula",5095,1100,54.982,-163.37
242,"NW AKPen",1988,"AK Peninsula","GOA","AK Peninsula",22330,28500,54.982,-163.37
242,"NW AKPen",1989,"AK Peninsula","GOA","AK Peninsula",4609,1900,54.982,-163.37
242,"NW AKPen",1990,"AK Peninsula","GOA","AK Peninsula",8919,22200,54.982,-163.37
242,"NW AKPen",1991,"AK Peninsula","GOA","AK Peninsula",756,1200,54.982,-163.37
241,"SW-Unimak",1962,"AK Peninsula","GOA","AK Peninsula",1724700,772700,54.5,-163.5
241,"SW-Unimak",1963,"AK Peninsula","GOA","AK Peninsula",720200,431400,54.5,-163.5
241,"SW-Unimak",1964,"AK Peninsula","GOA","AK Peninsula",160500,534000,54.5,-163.5
241,"SW-Unimak",1965,"AK Peninsula","GOA","AK Peninsula",122400,245500,54.5,-163.5
241,"SW-Unimak",1966,"AK Peninsula","GOA","AK Peninsula",573000,92000,54.5,-163.5
241,"SW-Unimak",1967,"AK Peninsula","GOA","AK Peninsula",834000,118200,54.5,-163.5
241,"SW-Unimak",1968,"AK Peninsula","GOA","AK Peninsula",543030,295200,54.5,-163.5
241,"SW-Unimak",1969,"AK Peninsula","GOA","AK Peninsula",428509,568700,54.5,-163.5
241,"SW-Unimak",1970,"AK Peninsula","GOA","AK Peninsula",36558,291000,54.5,-163.5
241,"SW-Unimak",1971,"AK Peninsula","GOA","AK Peninsula",27173,214700,54.5,-163.5
241,"SW-Unimak",1972,"AK Peninsula","GOA","AK Peninsula",50450,29600,54.5,-163.5
241,"SW-Unimak",1973,"AK Peninsula","GOA","AK Peninsula",219643,25100,54.5,-163.5
241,"SW-Unimak",1974,"AK Peninsula","GOA","AK Peninsula",679186,45800,54.5,-163.5
241,"SW-Unimak",1975,"AK Peninsula","GOA","AK Peninsula",789045,194300,54.5,-163.5
241,"SW-Unimak",1976,"AK Peninsula","GOA","AK Peninsula",2224725,372400,54.5,-163.5
241,"SW-Unimak",1977,"AK Peninsula","GOA","AK Peninsula",2074953,509300,54.5,-163.5
241,"SW-Unimak",1978,"AK Peninsula","GOA","AK Peninsula",5046788,892400,54.5,-163.5
241,"SW-Unimak",1979,"AK Peninsula","GOA","AK Peninsula",817159,504400,54.5,-163.5
241,"SW-Unimak",1980,"AK Peninsula","GOA","AK Peninsula",1670931,1231200,54.5,-163.5
241,"SW-Unimak",1981,"AK Peninsula","GOA","AK Peninsula",738315,431800,54.5,-163.5
241,"SW-Unimak",1982,"AK Peninsula","GOA","AK Peninsula",5961135,759800,54.5,-163.5
241,"SW-Unimak",1983,"AK Peninsula","GOA","AK Peninsula",1384850,212000,54.5,-163.5
241,"SW-Unimak",1984,"AK Peninsula","GOA","AK Peninsula",1204067,1824900,54.5,-163.5
241,"SW-Unimak",1985,"AK Peninsula","GOA","AK Peninsula",284238,384500,54.5,-163.5
241,"SW-Unimak",1986,"AK Peninsula","GOA","AK Peninsula",3367214,531200,54.5,-163.5
241,"SW-Unimak",1987,"AK Peninsula","GOA","AK Peninsula",2202749,236100,54.5,-163.5
241,"SW-Unimak",1988,"AK Peninsula","GOA","AK Peninsula",1192016,1203100,54.5,-163.5
241,"SW-Unimak",1989,"AK Peninsula","GOA","AK Peninsula",3125159,691600,54.5,-163.5
241,"SW-Unimak",1990,"AK Peninsula","GOA","AK Peninsula",5319722,580200,54.5,-163.5
241,"SW-Unimak",1991,"AK Peninsula","GOA","AK Peninsula",3111334,678400,54.5,-163.5
241,"SW-Unimak",1992,"AK Peninsula","GOA","AK Peninsula",4878437,1053400,54.5,-163.5
241,"SW-Unimak",1993,"AK Peninsula","GOA","AK Peninsula",6762894,757900,54.5,-163.5
241,"SW-Unimak",1994,"AK Peninsula","GOA","AK Peninsula",1275475,1371200,54.5,-163.5
241,"SW-Unimak",1995,"AK Peninsula","GOA","AK Peninsula",2091497,2001850,54.5,-163.5
241,"SW-Unimak",1996,"AK Peninsula","GOA","AK Peninsula",3812512,978600,54.5,-163.5
241,"SW-Unimak",1997,"AK Peninsula","GOA","AK Peninsula",3162652,1221900,54.5,-163.5
241,"SW-Unimak",1998,"AK Peninsula","GOA","AK Peninsula",1949170,1811810,54.5,-163.5
241,"SW-Unimak",1999,"AK Peninsula","GOA","AK Peninsula",2152314,1652230,54.5,-163.5
241,"SW-Unimak",2000,"AK Peninsula","GOA","AK Peninsula",2281570,1104200,54.5,-163.5
241,"SW-Unimak",2001,"AK Peninsula","GOA","AK Peninsula",2908340,925016,54.5,-163.5
241,"SW-Unimak",2002,"AK Peninsula","GOA","AK Peninsula",3541126,1654350,54.5,-163.5
241,"SW-Unimak",2003,"AK Peninsula","GOA","AK Peninsula",4012782,1837100,54.5,-163.5
241,"SW-Unimak",2004,"AK Peninsula","GOA","AK Peninsula",1810183,2341700,54.5,-163.5
241,"SW-Unimak",2005,"AK Peninsula","GOA","AK Peninsula",1583116,1894364,54.5,-163.5
241,"SW-Unimak",2006,"AK Peninsula","GOA","AK Peninsula",4755345,1213885,54.5,-163.5
241,"SW-Unimak",2007,"AK Peninsula","GOA","AK Peninsula",3336417,874340,54.5,-163.5
241,"SW-Unimak",2008,"AK Peninsula","GOA","AK Peninsula",391239,1005450,54.5,-163.5
241,"SW-Unimak",2009,"AK Peninsula","GOA","AK Peninsula",1018590,1397100,54.5,-163.5
246,"Moses-Norton",1963,"AYK","BS","AYK",10245,8134,52.45,-129.1
246,"Moses-Norton",1964,"AYK","BS","AYK",42814,10043,52.45,-129.1
246,"Moses-Norton",1965,"AYK","BS","AYK",6006,8668,52.45,-129.1
246,"Moses-Norton",1966,"AYK","BS","AYK",146115,36629,52.45,-129.1
246,"Moses-Norton",1967,"AYK","BS","AYK",90032,3587,52.45,-129.1
246,"Moses-Norton",1968,"AYK","BS","AYK",383214,129052,52.45,-129.1
246,"Moses-Norton",1969,"AYK","BS","AYK",26194,69471,52.45,-129.1
246,"Moses-Norton",1970,"AYK","BS","AYK",149742,364661,52.45,-129.1
246,"Moses-Norton",1971,"AYK","BS","AYK",91535,24134,52.45,-129.1
246,"Moses-Norton",1972,"AYK","BS","AYK",216978,138495,52.45,-129.1
246,"Moses-Norton",1973,"AYK","BS","AYK",118098,79277,52.45,-129.1
246,"Moses-Norton",1974,"AYK","BS","AYK",66512,201104,52.45,-129.1
246,"Moses-Norton",1975,"AYK","BS","AYK",70687,111181,52.45,-129.1
246,"Moses-Norton",1976,"AYK","BS","AYK",144695,51927,52.45,-129.1
246,"Moses-Norton",1977,"AYK","BS","AYK",232441,57184,52.45,-129.1
246,"Moses-Norton",1978,"AYK","BS","AYK",1121189,93325,52.45,-129.1
246,"Moses-Norton",1979,"AYK","BS","AYK",602910,178616,52.45,-129.1
246,"Moses-Norton",1980,"AYK","BS","AYK",710950,1111200,52.45,-129.1
246,"Moses-Norton",1981,"AYK","BS","AYK",318704,567472,52.45,-129.1
246,"Moses-Norton",1982,"AYK","BS","AYK",1317728,692181,52.45,-129.1
246,"Moses-Norton",1983,"AYK","BS","AYK",33376,297742,52.45,-129.1
246,"Moses-Norton",1984,"AYK","BS","AYK",529448,1288531,52.45,-129.1
246,"Moses-Norton",1985,"AYK","BS","AYK",6731,31537,52.45,-129.1
246,"Moses-Norton",1986,"AYK","BS","AYK",430553,513613,52.45,-129.1
246,"Moses-Norton",1987,"AYK","BS","AYK",27487,6147,52.45,-129.1
246,"Moses-Norton",1988,"AYK","BS","AYK",629097,415101,52.45,-129.1
246,"Moses-Norton",1989,"AYK","BS","AYK",203064,27487,52.45,-129.1
246,"Moses-Norton",1990,"AYK","BS","AYK",922363,628596,52.45,-129.1
246,"Moses-Norton",1991,"AYK","BS","AYK",77301,199509,52.45,-129.1
246,"Moses-Norton",1992,"AYK","BS","AYK",245803,916211,52.45,-129.1
246,"Moses-Norton",1993,"AYK","BS","AYK",48351,75285,52.45,-129.1
246,"Moses-Norton",1994,"AYK","BS","AYK",1342124,230409,52.45,-129.1
246,"Moses-Norton",1995,"AYK","BS","AYK",47405,39829,52.45,-129.1
246,"Moses-Norton",1996,"AYK","BS","AYK",1076132,1260144,52.45,-129.1
246,"Moses-Norton",1997,"AYK","BS","AYK",7905,44296,52.45,-129.1
246,"Moses-Norton",1998,"AYK","BS","AYK",804780,921563,52.45,-129.1
246,"Moses-Norton",1999,"AYK","BS","AYK",15016,4398,52.45,-129.1
246,"Moses-Norton",2000,"AYK","BS","AYK",312394,750173,52.45,-129.1
246,"Moses-Norton",2001,"AYK","BS","AYK",40107,8423,52.45,-129.1
246,"Moses-Norton",2002,"AYK","BS","AYK",968326,298000,52.45,-129.1
246,"Moses-Norton",2003,"AYK","BS","AYK",774122,33399,52.45,-129.1
246,"Moses-Norton",2004,"AYK","BS","AYK",139925,960468,52.45,-129.1
246,"Moses-Norton",2005,"AYK","BS","AYK",139965,770401,52.45,-129.1
246,"Moses-Norton",2006,"AYK","BS","AYK",172136,134709,52.45,-129.1
246,"Moses-Norton",2007,"AYK","BS","AYK",250217,136575,52.45,-129.1
246,"Moses-Norton",2008,"AYK","BS","AYK",59312,144224,52.45,-129.1
246,"Moses-Norton",2009,"AYK","BS","AYK",28123,245594,52.45,-129.1
243,"Nushagak",1958,"Bristol Bay","BS","Bristol Bay",400000,4e+06,58.62222,-158.5911
244,"Unalakleet",1972,"AYK","BS","AYK",244462,54934,63.86944,-160.7878
244,"Unalakleet",1973,"AYK","BS","AYK",34780,26542,63.86944,-160.7878
244,"Unalakleet",1974,"AYK","BS","AYK",52125,143789,63.86944,-160.7878
244,"Unalakleet",1975,"AYK","BS","AYK",34436,17885,63.86944,-160.7878
244,"Unalakleet",1976,"AYK","BS","AYK",171281,10606,63.86944,-160.7878
244,"Unalakleet",1977,"AYK","BS","AYK",66107,4565,63.86944,-160.7878
244,"Unalakleet",1978,"AYK","BS","AYK",350113,21813,63.86944,-160.7878
244,"Unalakleet",1979,"AYK","BS","AYK",129558,9500,63.86944,-160.7878
244,"Unalakleet",1980,"AYK","BS","AYK",331803,127900,63.86944,-160.7878
244,"Unalakleet",1981,"AYK","BS","AYK",44986,575,63.86944,-160.7878
244,"Unalakleet",1982,"AYK","BS","AYK",475805,168902,63.86944,-160.7878
244,"Unalakleet",1983,"AYK","BS","AYK",4416,4980,63.86944,-160.7878
244,"Unalakleet",1984,"AYK","BS","AYK",236487,458387,63.86944,-160.7878
244,"Unalakleet",1985,"AYK","BS","AYK",97,4360,63.86944,-160.7878
244,"Unalakleet",1986,"AYK","BS","AYK",136500,236487,63.86944,-160.7878
245,"Nome",1971,"AYK","BS","AYK",20369,7765,64.4828,-165.305
245,"Nome",1972,"AYK","BS","AYK",71033,15251,64.4828,-165.305
245,"Nome",1973,"AYK","BS","AYK",42226,14940,64.4828,-165.305
245,"Nome",1974,"AYK","BS","AYK",10089,59493,64.4828,-165.305
245,"Nome",1975,"AYK","BS","AYK",59365,33796,64.4828,-165.305
245,"Nome",1976,"AYK","BS","AYK",242777,3266,64.4828,-165.305
245,"Nome",1977,"AYK","BS","AYK",25830,56527,64.4828,-165.305
245,"Nome",1978,"AYK","BS","AYK",614343,206845,64.4828,-165.305
245,"Nome",1979,"AYK","BS","AYK",18811,13617,64.4828,-165.305
245,"Nome",1980,"AYK","BS","AYK",528684,582090,64.4828,-165.305
245,"Nome",1981,"AYK","BS","AYK",198304,10025,64.4828,-165.305
245,"Nome",1982,"AYK","BS","AYK",2229337,490970,64.4828,-165.305
245,"Nome",1983,"AYK","BS","AYK",24887,189910,64.4828,-165.305
245,"Nome",1984,"AYK","BS","AYK",69190,2212155,64.4828,-165.305
245,"Nome",1985,"AYK","BS","AYK",3101,22770,64.4828,-165.305
245,"Nome",1986,"AYK","BS","AYK",21473,60470,64.4828,-165.305
245,"Nome",1987,"AYK","BS","AYK",58808,1850,64.4828,-165.305
245,"Nome",1988,"AYK","BS","AYK",34688,19132,64.4828,-165.305
245,"Nome",1989,"AYK","BS","AYK",36729,57761,64.4828,-165.305
245,"Nome",1990,"AYK","BS","AYK",311241,32455,64.4828,-165.305
245,"Nome",1991,"AYK","BS","AYK",262453,36535,64.4828,-165.305
245,"Nome",1992,"AYK","BS","AYK",561391,303705,64.4828,-165.305
245,"Nome",1993,"AYK","BS","AYK",268188,261580,64.4828,-165.305
245,"Nome",1994,"AYK","BS","AYK",118260,554835,64.4828,-165.305
245,"Nome",1995,"AYK","BS","AYK",36105,267852,64.4828,-165.305
245,"Nome",1996,"AYK","BS","AYK",508842,114737,64.4828,-165.305
245,"Nome",1997,"AYK","BS","AYK",179924,35930,64.4828,-165.305
245,"Nome",1998,"AYK","BS","AYK",32330,504045,64.4828,-165.305
245,"Nome",1999,"AYK","BS","AYK",6620,179866,64.4828,-165.305
245,"Nome",2000,"AYK","BS","AYK",92240,29673,64.4828,-165.305
245,"Nome",2001,"AYK","BS","AYK",11863,6507,64.4828,-165.305
245,"Nome",2002,"AYK","BS","AYK",1337188,89079,64.4828,-165.305
245,"Nome",2003,"AYK","BS","AYK",925575,11356,64.4828,-165.305
245,"Nome",2004,"AYK","BS","AYK",901629,1322141,64.4828,-165.305
245,"Nome",2005,"AYK","BS","AYK",449528,920500,64.4828,-165.305
245,"Nome",2006,"AYK","BS","AYK",1618170,892300,64.4828,-165.305
245,"Nome",2007,"AYK","BS","AYK",537025,448678,64.4828,-165.305
245,"Nome",2008,"AYK","BS","AYK",282321,1605578,64.4828,-165.305
245,"Nome",2009,"AYK","BS","AYK",122284,536538,64.4828,-165.305
