"Year","value","species","metric","area"
1952,198.0298015,"pink","abundance","np"
1952,0.220118117,"pink","abundance","na-goa"
1952,55.7887957,"pink","abundance","na"
1952,639.2403906,"all","biomass","np"
1952,294.5512895,"all","abundance","np"
1952,269.8945008,"all","abundance","np-bs"
1952,288.2657912,"all","abundance","np-goa"
1952,286.9393128,"all","abundance","np-wc"
1952,578.366494,"all","biomass","np-bs"
1952,622.9057212,"all","biomass","np-goa"
1952,618.0574103,"all","biomass","np-wc"
1952,93.03188791,"all","abundance","na-bs"
1952,111.4031783,"all","abundance","na-goa"
1952,110.0766999,"all","abundance","na-wc"
1952,3.108960507,"all","abundance","na-goa"
1953,336.5290869,"pink","abundance","np"
1953,0.895053873,"pink","abundance","na-goa"
1953,54.92696433,"pink","abundance","na"
1953,851.5396894,"all","biomass","np"
1953,426.2722764,"all","abundance","np"
1953,413.5324882,"all","abundance","np-bs"
1953,420.9906366,"all","abundance","np-goa"
1953,410.1427749,"all","abundance","np-wc"
1953,820.0720547,"all","biomass","np-bs"
1953,837.813834,"all","biomass","np-goa"
1953,809.1607586,"all","biomass","np-wc"
1953,99.86748712,"all","abundance","na-bs"
1953,107.3256355,"all","abundance","na-goa"
1953,96.4777738,"all","abundance","na-wc"
1953,4.093434758,"all","abundance","na-goa"
1954,179.7949782,"pink","abundance","np"
1954,0.76781499,"pink","abundance","na-goa"
1954,58.93153003,"pink","abundance","na"
1954,685.5552437,"all","biomass","np"
1954,294.1033925,"all","abundance","np"
1954,283.5696169,"all","abundance","np-bs"
1954,288.585562,"all","abundance","np-goa"
1954,273.2072046,"all","abundance","np-wc"
1954,659.5389824,"all","biomass","np-bs"
1954,671.215579,"all","biomass","np-goa"
1954,619.2388714,"all","biomass","np-wc"
1954,112.889891,"all","abundance","na-bs"
1954,117.9058361,"all","abundance","na-goa"
1954,102.5274787,"all","abundance","na-wc"
1954,6.207193653,"all","abundance","na-goa"
1955,294.413004,"pink","abundance","np"
1955,1.389707901,"pink","abundance","na-goa"
1955,65.87384667,"pink","abundance","na"
1955,854.3078117,"all","biomass","np"
1955,407.5930893,"all","abundance","np"
1955,397.3452982,"all","abundance","np-bs"
1955,402.8457727,"all","abundance","np-goa"
1955,397.6653176,"all","abundance","np-wc"
1955,828.9865489,"all","biomass","np-bs"
1955,841.9705485,"all","biomass","np-goa"
1955,827.8589481,"all","biomass","np-wc"
1955,96.10764159,"all","abundance","na-bs"
1955,101.6081161,"all","abundance","na-goa"
1955,96.42766095,"all","abundance","na-wc"
1955,6.028384716,"all","abundance","na-goa"
1956,260.8135208,"pink","abundance","np"
1956,1.770324503,"pink","abundance","na-goa"
1956,62.68008382,"pink","abundance","na"
1956,854.3485051,"all","biomass","np"
1956,397.3562074,"all","abundance","np"
1956,370.2596204,"all","abundance","np-bs"
1956,391.4145717,"all","abundance","np-goa"
1956,386.7447353,"all","abundance","np-wc"
1956,787.3838197,"all","biomass","np-bs"
1956,838.9074611,"all","biomass","np-goa"
1956,823.8637729,"all","biomass","np-wc"
1956,100.4199931,"all","abundance","na-bs"
1956,121.5749443,"all","abundance","na-goa"
1956,116.905108,"all","abundance","na-wc"
1956,5.184183593,"all","abundance","na-goa"
1957,362.0339953,"pink","abundance","np"
1957,3.093180379,"pink","abundance","na-goa"
1957,43.21861244,"pink","abundance","na"
1957,934.985768,"all","biomass","np"
1957,477.2576351,"all","abundance","np"
1957,457.0936325,"all","abundance","np-bs"
1957,472.9655274,"all","abundance","np-goa"
1957,467.2311552,"all","abundance","np-wc"
1957,885.1940941,"all","biomass","np-bs"
1957,923.8314957,"all","biomass","np-goa"
1957,911.3636037,"all","biomass","np-wc"
1957,81.99504153,"all","abundance","na-bs"
1957,97.86693641,"all","abundance","na-goa"
1957,92.13256419,"all","abundance","na-wc"
1957,9.305770531,"all","abundance","na-goa"
1958,187.0299165,"pink","abundance","np"
1958,3.127378041,"pink","abundance","na-goa"
1958,55.9146137,"pink","abundance","na"
1958,685.8931907,"all","biomass","np"
1958,307.938449,"all","abundance","np"
1958,300.1989392,"all","abundance","np-bs"
1958,304.3978566,"all","abundance","np-goa"
1958,282.508187,"all","abundance","np-wc"
1958,666.765656,"all","biomass","np-bs"
1958,676.691946,"all","biomass","np-goa"
1958,615.2818063,"all","biomass","np-wc"
1958,106.8538761,"all","abundance","na-bs"
1958,111.0527935,"all","abundance","na-goa"
1958,89.16312395,"all","abundance","na-wc"
1958,12.08210012,"all","abundance","na-goa"
1959,240.0020938,"pink","abundance","np"
1959,3.210966595,"pink","abundance","na-goa"
1959,39.70973584,"pink","abundance","na"
1959,717.6680243,"all","biomass","np"
1959,349.6566047,"all","abundance","np"
1959,334.6488922,"all","abundance","np-bs"
1959,345.6893387,"all","abundance","np-goa"
1959,334.9857898,"all","abundance","np-wc"
1959,680.5833271,"all","biomass","np-bs"
1959,707.357946,"all","biomass","np-goa"
1959,681.0957742,"all","biomass","np-wc"
1959,76.97466912,"all","abundance","na-bs"
1959,88.01511555,"all","abundance","na-goa"
1959,77.31156673,"all","abundance","na-wc"
1959,8.019842189,"all","abundance","na-goa"
1960,125.0629748,"pink","abundance","np"
1960,3.803195186,"pink","abundance","na-goa"
1960,43.09971618,"pink","abundance","na"
1960,594.7197892,"all","biomass","np"
1960,262.6451791,"all","abundance","np"
1960,220.8160126,"all","abundance","np-bs"
1960,257.5696898,"all","abundance","np-goa"
1960,251.3334197,"all","abundance","np-wc"
1960,503.2882387,"all","biomass","np-bs"
1960,582.0753644,"all","biomass","np-goa"
1960,566.6942539,"all","biomass","np-wc"
1960,79.64237987,"all","abundance","na-bs"
1960,116.3960571,"all","abundance","na-goa"
1960,110.1597869,"all","abundance","na-wc"
1960,8.401614797,"all","abundance","na-goa"
1961,182.1236784,"pink","abundance","np"
1961,1.105099008,"pink","abundance","na-goa"
1961,55.78863628,"pink","abundance","na"
1961,680.0096796,"all","biomass","np"
1961,295.2393375,"all","abundance","np"
1961,269.5443657,"all","abundance","np-bs"
1961,290.0167569,"all","abundance","np-goa"
1961,280.8678255,"all","abundance","np-wc"
1961,611.2205036,"all","biomass","np-bs"
1961,665.7834471,"all","biomass","np-goa"
1961,641.5006756,"all","biomass","np-wc"
1961,92.22335784,"all","abundance","na-bs"
1961,112.6957491,"all","abundance","na-goa"
1961,103.5468176,"all","abundance","na-wc"
1961,7.411691071,"all","abundance","na-goa"
1962,162.859114,"pink","abundance","np"
1962,4.628723885,"pink","abundance","na-goa"
1962,102.5817348,"pink","abundance","na"
1962,598.3259104,"all","biomass","np"
1962,265.4176175,"all","abundance","np"
1962,252.519804,"all","abundance","np-bs"
1962,259.2816037,"all","abundance","np-goa"
1962,253.269256,"all","abundance","np-wc"
1962,565.5654641,"all","biomass","np-bs"
1962,582.4306597,"all","biomass","np-goa"
1962,565.59723,"all","biomass","np-wc"
1962,141.214215,"all","abundance","na-bs"
1962,147.9760146,"all","abundance","na-goa"
1962,141.9636669,"all","abundance","na-wc"
1962,12.10702527,"all","abundance","na-goa"
1963,224.2375817,"pink","abundance","np"
1963,2.094751871,"pink","abundance","na-goa"
1963,81.14924257,"pink","abundance","na"
1963,649.1755178,"all","biomass","np"
1963,318.1910517,"all","abundance","np"
1963,309.1677332,"all","abundance","np-bs"
1963,313.3353904,"all","abundance","np-goa"
1963,304.9514565,"all","abundance","np-wc"
1963,627.880447,"all","biomass","np-bs"
1963,636.5647323,"all","biomass","np-goa"
1963,615.2986691,"all","biomass","np-wc"
1963,115.8856501,"all","abundance","na-bs"
1963,120.0533072,"all","abundance","na-goa"
1963,111.6693734,"all","abundance","na-wc"
1963,10.3849026,"all","abundance","na-goa"
1964,146.2015324,"pink","abundance","np"
1964,3.478670478,"pink","abundance","na-goa"
1964,88.87126096,"pink","abundance","na"
1964,552.9730981,"all","biomass","np"
1964,245.6432706,"all","abundance","np"
1964,232.9503721,"all","abundance","np-bs"
1964,240.1684809,"all","abundance","np-goa"
1964,234.1636294,"all","abundance","np-wc"
1964,522.9640756,"all","biomass","np-bs"
1964,538.7875831,"all","biomass","np-goa"
1964,521.0303088,"all","biomass","np-wc"
1964,128.837301,"all","abundance","na-bs"
1964,136.0554098,"all","abundance","na-goa"
1964,130.0505583,"all","abundance","na-wc"
1964,13.78997996,"all","abundance","na-goa"
1965,205.1036429,"pink","abundance","np"
1965,2.937142818,"pink","abundance","na-goa"
1965,57.6174385,"pink","abundance","na"
1965,688.5302236,"all","biomass","np"
1965,344.5413654,"all","abundance","np"
1965,282.8642649,"all","abundance","np-bs"
1965,338.3072611,"all","abundance","np-goa"
1965,335.4221841,"all","abundance","np-wc"
1965,562.617292,"all","biomass","np-bs"
1965,671.8867285,"all","biomass","np-goa"
1965,666.1654588,"all","biomass","np-wc"
1965,86.25657646,"all","abundance","na-bs"
1965,141.6995727,"all","abundance","na-goa"
1965,138.8144957,"all","abundance","na-wc"
1965,14.19002007,"all","abundance","na-goa"
1966,161.1151013,"pink","abundance","np"
1966,6.434771443,"pink","abundance","na-goa"
1966,89.33447343,"pink","abundance","na"
1966,642.7667318,"all","biomass","np"
1966,275.723802,"all","abundance","np"
1966,254.6185825,"all","abundance","np-bs"
1966,268.5588593,"all","abundance","np-goa"
1966,263.5781048,"all","abundance","np-wc"
1966,584.3319086,"all","biomass","np-bs"
1966,622.7863004,"all","biomass","np-goa"
1966,606.9102522,"all","biomass","np-wc"
1966,129.5115789,"all","abundance","na-bs"
1966,143.4518558,"all","abundance","na-goa"
1966,138.4711013,"all","abundance","na-wc"
1966,17.60816675,"all","abundance","na-goa"
1967,175.2447665,"pink","abundance","np"
1967,5.442785131,"pink","abundance","na-goa"
1967,23.85496897,"pink","abundance","na"
1967,599.3428629,"all","biomass","np"
1967,272.9159333,"all","abundance","np"
1967,260.2454718,"all","abundance","np-bs"
1967,267.4125096,"all","abundance","np-goa"
1967,258.1234458,"all","abundance","np-wc"
1967,563.2170124,"all","biomass","np-bs"
1967,583.8606228,"all","biomass","np-goa"
1967,561.3835479,"all","biomass","np-wc"
1967,59.8094559,"all","abundance","na-bs"
1967,66.97649369,"all","abundance","na-goa"
1967,57.68742983,"all","abundance","na-wc"
1967,17.91992626,"all","abundance","na-goa"
1968,172.0482063,"pink","abundance","np"
1968,11.85658525,"pink","abundance","na-goa"
1968,106.2807914,"pink","abundance","na"
1968,569.6574247,"all","biomass","np"
1968,270.0579143,"all","abundance","np"
1968,259.5906758,"all","abundance","np-bs"
1968,263.2122888,"all","abundance","np-goa"
1968,250.5248054,"all","abundance","np-wc"
1968,543.5085229,"all","biomass","np-bs"
1968,549.7754323,"all","biomass","np-goa"
1968,513.4861898,"all","biomass","np-wc"
1968,155.6875479,"all","abundance","na-bs"
1968,159.309161,"all","abundance","na-goa"
1968,146.6216775,"all","abundance","na-wc"
1968,20.77999552,"all","abundance","na-goa"
1969,220.7792867,"pink","abundance","np"
1969,6.065093386,"pink","abundance","na-goa"
1969,54.34883364,"pink","abundance","na"
1969,609.121219,"all","biomass","np"
1969,305.9088864,"all","abundance","np"
1969,282.5405049,"all","abundance","np-bs"
1969,300.274455,"all","abundance","np-goa"
1969,295.1685459,"all","abundance","np-wc"
1969,552.9156275,"all","biomass","np-bs"
1969,592.9829114,"all","biomass","np-goa"
1969,581.607989,"all","biomass","np-wc"
1969,84.63283288,"all","abundance","na-bs"
1969,102.366783,"all","abundance","na-goa"
1969,97.26087389,"all","abundance","na-wc"
1969,18.05862541,"all","abundance","na-goa"
1970,132.2029342,"pink","abundance","np"
1970,9.906842455,"pink","abundance","na-goa"
1970,69.80047101,"pink","abundance","na"
1970,618.283517,"all","biomass","np"
1970,268.1575922,"all","abundance","np"
1970,222.1150577,"all","abundance","np-bs"
1970,260.2009789,"all","abundance","np-goa"
1970,255.4734892,"all","abundance","np-wc"
1970,509.430185,"all","biomass","np-bs"
1970,595.6320103,"all","biomass","np-goa"
1970,582.3107251,"all","biomass","np-wc"
1970,117.3500336,"all","abundance","na-bs"
1970,155.4359548,"all","abundance","na-goa"
1970,150.7084651,"all","abundance","na-wc"
1970,24.02448168,"all","abundance","na-goa"
1971,202.78803,"pink","abundance","np"
1971,7.910760872,"pink","abundance","na-goa"
1971,54.78100033,"pink","abundance","na"
1971,681.546988,"all","biomass","np"
1971,324.9145239,"all","abundance","np"
1971,305.2353944,"all","abundance","np-bs"
1971,318.6827512,"all","abundance","np-goa"
1971,291.8393336,"all","abundance","np-wc"
1971,628.0175991,"all","biomass","np-bs"
1971,662.580126,"all","biomass","np-goa"
1971,588.9722995,"all","biomass","np-wc"
1971,115.1111887,"all","abundance","na-bs"
1971,128.5585455,"all","abundance","na-goa"
1971,101.7151278,"all","abundance","na-wc"
1971,27.92753678,"all","abundance","na-goa"
1972,126.2276425,"pink","abundance","np"
1972,18.72899522,"pink","abundance","na-goa"
1972,53.12752129,"pink","abundance","na"
1972,510.8720924,"all","biomass","np"
1972,224.6738138,"all","abundance","np"
1972,216.4567783,"all","abundance","np-bs"
1972,219.444072,"all","abundance","np-goa"
1972,212.5553138,"all","abundance","np-wc"
1972,488.8525837,"all","biomass","np-bs"
1972,495.5059311,"all","biomass","np-goa"
1972,478.7470865,"all","biomass","np-wc"
1972,100.1515074,"all","abundance","na-bs"
1972,103.1388012,"all","abundance","na-goa"
1972,96.25004297,"all","abundance","na-wc"
1972,39.25232199,"all","abundance","na-goa"
1973,158.6269034,"pink","abundance","np"
1973,17.49903333,"pink","abundance","na-goa"
1973,36.94518169,"pink","abundance","na"
1973,567.8287348,"all","biomass","np"
1973,258.152649,"all","abundance","np"
1973,253.7628505,"all","abundance","np-bs"
1973,253.2291146,"all","abundance","np-goa"
1973,238.2642731,"all","abundance","np-wc"
1973,553.5796744,"all","biomass","np-bs"
1973,550.3822354,"all","biomass","np-goa"
1973,512.219583,"all","biomass","np-wc"
1973,91.659348,"all","abundance","na-bs"
1973,91.12561208,"all","abundance","na-goa"
1973,76.1607706,"all","abundance","na-wc"
1973,39.50281929,"all","abundance","na-goa"
1974,133.9360774,"pink","abundance","np"
1974,16.63432485,"pink","abundance","na-goa"
1974,42.37786414,"pink","abundance","na"
1974,534.5145177,"all","biomass","np"
1974,238.3194561,"all","abundance","np"
1974,225.6516746,"all","abundance","np-bs"
1974,233.1018156,"all","abundance","np-goa"
1974,219.7240042,"all","abundance","np-wc"
1974,501.1116897,"all","biomass","np-bs"
1974,518.7527771,"all","biomass","np-goa"
1974,478.6891007,"all","biomass","np-wc"
1974,88.16219652,"all","abundance","na-bs"
1974,95.61233754,"all","abundance","na-goa"
1974,82.23452613,"all","abundance","na-wc"
1974,43.26636776,"all","abundance","na-goa"
1975,228.2673373,"pink","abundance","np"
1975,20.86252489,"pink","abundance","na-goa"
1975,47.41930387,"pink","abundance","na"
1975,651.9611951,"all","biomass","np"
1975,339.2476241,"all","abundance","np"
1975,312.2735556,"all","abundance","np-bs"
1975,334.9203935,"all","abundance","np-goa"
1975,330.027544,"all","abundance","np-wc"
1975,586.0613783,"all","biomass","np-bs"
1975,639.1376392,"all","biomass","np-goa"
1975,629.1687309,"all","biomass","np-wc"
1975,80.61812022,"all","abundance","na-bs"
1975,103.2649581,"all","abundance","na-goa"
1975,98.37210864,"all","abundance","na-wc"
1975,54.97923384,"all","abundance","na-goa"
1976,199.0080226,"pink","abundance","np"
1976,21.50072309,"pink","abundance","na-goa"
1976,80.83444671,"pink","abundance","na"
1976,638.9161782,"all","biomass","np"
1976,305.0497121,"all","abundance","np"
1976,290.6599056,"all","abundance","np-bs"
1976,296.9105546,"all","abundance","np-goa"
1976,294.432267,"all","abundance","np-wc"
1976,599.2381217,"all","biomass","np-bs"
1976,613.3759941,"all","biomass","np-goa"
1976,611.2014128,"all","biomass","np-wc"
1976,124.0913249,"all","abundance","na-bs"
1976,130.3419739,"all","abundance","na-goa"
1976,127.8636863,"all","abundance","na-wc"
1976,46.94683249,"all","abundance","na-goa"
1977,279.1204321,"pink","abundance","np"
1977,12.69460664,"pink","abundance","na-goa"
1977,67.1620778,"pink","abundance","na"
1977,742.2817695,"all","biomass","np"
1977,381.4260423,"all","abundance","np"
1977,369.2871918,"all","abundance","np-bs"
1977,371.8675256,"all","abundance","np-goa"
1977,364.3500264,"all","abundance","np-wc"
1977,706.0853558,"all","biomass","np-bs"
1977,708.1279314,"all","biomass","np-goa"
1977,695.7891102,"all","biomass","np-wc"
1977,119.5602609,"all","abundance","na-bs"
1977,122.1405947,"all","abundance","na-goa"
1977,114.6230954,"all","abundance","na-wc"
1977,33.14789061,"all","abundance","na-goa"
1978,234.0968415,"pink","abundance","np"
1978,11.41118979,"pink","abundance","na-goa"
1978,121.1188957,"pink","abundance","na"
1978,708.0605098,"all","biomass","np"
1978,349.5954565,"all","abundance","np"
1978,325.432445,"all","abundance","np-bs"
1978,340.8389784,"all","abundance","np-goa"
1978,333.5278953,"all","abundance","np-wc"
1978,643.0676052,"all","biomass","np-bs"
1978,678.6715633,"all","biomass","np-goa"
1978,658.407668,"all","biomass","np-wc"
1978,172.1463813,"all","abundance","na-bs"
1978,187.5529147,"all","abundance","na-goa"
1978,180.2418316,"all","abundance","na-wc"
1978,34.07896043,"all","abundance","na-goa"
1979,319.9023766,"pink","abundance","np"
1979,16.14675054,"pink","abundance","na-goa"
1979,107.614867,"pink","abundance","na"
1979,868.7663926,"all","biomass","np"
1979,457.0085303,"all","abundance","np"
1979,410.8168968,"all","abundance","np-bs"
1979,450.9486011,"all","abundance","np-goa"
1979,440.3655406,"all","abundance","np-wc"
1979,745.7803252,"all","biomass","np-bs"
1979,850.2409475,"all","biomass","np-goa"
1979,826.0082429,"all","biomass","np-wc"
1979,151.0065083,"all","abundance","na-bs"
1979,191.1382126,"all","abundance","na-goa"
1979,180.5551521,"all","abundance","na-wc"
1979,45.74220234,"all","abundance","na-goa"
1980,244.4852059,"pink","abundance","np"
1980,14.88306373,"pink","abundance","na-goa"
1980,117.5081263,"pink","abundance","na"
1980,830.7887202,"all","biomass","np"
1980,407.9586411,"all","abundance","np"
1980,337.4364296,"all","abundance","np-bs"
1980,401.0881049,"all","abundance","np-goa"
1980,397.6078053,"all","abundance","np-wc"
1980,652.4809064,"all","biomass","np-bs"
1980,811.822447,"all","biomass","np-goa"
1980,804.6669572,"all","biomass","np-wc"
1980,165.4499113,"all","abundance","na-bs"
1980,229.1015867,"all","abundance","na-goa"
1980,225.621287,"all","abundance","na-wc"
1980,43.0820931,"all","abundance","na-goa"
1981,297.883815,"pink","abundance","np"
1981,12.26615525,"pink","abundance","na-goa"
1981,123.9229787,"pink","abundance","na"
1981,955.9926859,"all","biomass","np"
1981,453.4997952,"all","abundance","np"
1981,412.2365912,"all","abundance","np-bs"
1981,444.1472452,"all","abundance","np-goa"
1981,433.1586937,"all","abundance","np-wc"
1981,840.2707707,"all","biomass","np-bs"
1981,928.1575056,"all","biomass","np-goa"
1981,905.06029,"all","biomass","np-wc"
1981,185.8977126,"all","abundance","na-bs"
1981,217.8083666,"all","abundance","na-goa"
1981,206.8198151,"all","abundance","na-wc"
1981,48.51533501,"all","abundance","na-goa"
1982,223.2043036,"pink","abundance","np"
1982,16.43949556,"pink","abundance","na-goa"
1982,109.2815021,"pink","abundance","na"
1982,809.0753593,"all","biomass","np"
1982,373.1234832,"all","abundance","np"
1982,345.1562272,"all","abundance","np-bs"
1982,360.2884533,"all","abundance","np-goa"
1982,345.9807186,"all","abundance","np-wc"
1982,728.3625173,"all","biomass","np-bs"
1982,768.6838777,"all","biomass","np-goa"
1982,727.4297006,"all","biomass","np-wc"
1982,180.0369659,"all","abundance","na-bs"
1982,195.169192,"all","abundance","na-goa"
1982,180.8614573,"all","abundance","na-wc"
1982,52.21879642,"all","abundance","na-goa"
1983,431.0079915,"pink","abundance","np"
1983,14.25965533,"pink","abundance","na-goa"
1983,138.8363733,"pink","abundance","na"
1983,1072.315809,"all","biomass","np"
1983,597.2711755,"all","abundance","np"
1983,545.2559515,"all","abundance","np-bs"
1983,584.0290502,"all","abundance","np-goa"
1983,581.3113579,"all","abundance","np-wc"
1983,938.7239253,"all","biomass","np-bs"
1983,1034.442537,"all","biomass","np-goa"
1983,1030.612576,"all","biomass","np-wc"
1983,193.0029318,"all","abundance","na-bs"
1983,231.7760306,"all","abundance","na-goa"
1983,229.0583383,"all","abundance","na-wc"
1983,54.73887024,"all","abundance","na-goa"
1984,308.7731516,"pink","abundance","np"
1984,27.94334467,"pink","abundance","na-goa"
1984,144.981063,"pink","abundance","na"
1984,960.539126,"all","biomass","np"
1984,479.5063711,"all","abundance","np"
1984,433.1131821,"all","abundance","np-bs"
1984,466.4743631,"all","abundance","np-goa"
1984,464.6660655,"all","abundance","np-wc"
1984,841.6033193,"all","biomass","np-bs"
1984,923.7295817,"all","biomass","np-goa"
1984,922.6708925,"all","biomass","np-wc"
1984,207.8344041,"all","abundance","na-bs"
1984,241.1955852,"all","abundance","na-goa"
1984,239.3872876,"all","abundance","na-wc"
1984,74.68831984,"all","abundance","na-goa"
1985,326.2901376,"pink","abundance","np"
1985,26.51617293,"pink","abundance","na-goa"
1985,191.4191293,"pink","abundance","na"
1985,1064.155569,"all","biomass","np"
1985,524.1908162,"all","abundance","np"
1985,479.9890702,"all","abundance","np-bs"
1985,510.1786968,"all","abundance","np-goa"
1985,497.5026801,"all","abundance","np-wc"
1985,957.2913591,"all","biomass","np-bs"
1985,1027.67832,"all","biomass","np-goa"
1985,994.7260867,"all","biomass","np-wc"
1985,269.5223407,"all","abundance","na-bs"
1985,299.7119674,"all","abundance","na-goa"
1985,287.0359507,"all","abundance","na-wc"
1985,85.7174324,"all","abundance","na-goa"
1986,261.7616152,"pink","abundance","np"
1986,25.14034711,"pink","abundance","na-goa"
1986,162.7469921,"pink","abundance","na"
1986,979.583396,"all","biomass","np"
1986,442.763661,"all","abundance","np"
1986,414.141395,"all","abundance","np-bs"
1986,427.0463462,"all","abundance","np-goa"
1986,419.7812469,"all","abundance","np-wc"
1986,900.5762053,"all","biomass","np-bs"
1986,936.8657432,"all","biomass","np-goa"
1986,911.7269427,"all","biomass","np-wc"
1986,240.5155158,"all","abundance","na-bs"
1986,253.420467,"all","abundance","na-goa"
1986,246.1553678,"all","abundance","na-wc"
1986,83.44711868,"all","abundance","na-goa"
1987,270.3310462,"pink","abundance","np"
1987,35.6280464,"pink","abundance","na-goa"
1987,117.0298367,"pink","abundance","na"
1987,945.3057311,"all","biomass","np"
1987,437.708009,"all","abundance","np"
1987,406.949994,"all","abundance","np-bs"
1987,417.7279952,"all","abundance","np-goa"
1987,421.2031679,"all","abundance","np-wc"
1987,853.1137828,"all","biomass","np-bs"
1987,888.5613892,"all","biomass","np-goa"
1987,898.6257647,"all","biomass","np-wc"
1987,185.677624,"all","abundance","na-bs"
1987,196.4556252,"all","abundance","na-goa"
1987,199.9307979,"all","abundance","na-wc"
1987,88.38702904,"all","abundance","na-goa"
1988,212.1579015,"pink","abundance","np"
1988,28.59883938,"pink","abundance","na-goa"
1988,118.9696246,"pink","abundance","na"
1988,887.8403465,"all","biomass","np"
1988,384.7937078,"all","abundance","np"
1988,357.8279008,"all","abundance","np-bs"
1988,369.1995852,"all","abundance","np-goa"
1988,371.5099502,"all","abundance","np-wc"
1988,813.8898685,"all","biomass","np-bs"
1988,842.90637,"all","biomass","np-goa"
1988,852.58445,"all","biomass","np-wc"
1988,191.1211169,"all","abundance","na-bs"
1988,202.4928013,"all","abundance","na-goa"
1988,204.8031663,"all","abundance","na-wc"
1988,88.19777455,"all","abundance","na-goa"
1989,364.3859048,"pink","abundance","np"
1989,37.56744172,"pink","abundance","na-goa"
1989,179.8260594,"pink","abundance","na"
1989,1118.8288,"all","biomass","np"
1989,557.719549,"all","abundance","np"
1989,508.100742,"all","abundance","np-bs"
1989,543.8394667,"all","abundance","np-goa"
1989,532.6790696,"all","abundance","np-wc"
1989,985.018362,"all","biomass","np-bs"
1989,1081.919749,"all","biomass","np-goa"
1989,1055.367265,"all","biomass","np-wc"
1989,245.8335483,"all","abundance","na-bs"
1989,281.5722731,"all","abundance","na-goa"
1989,270.411876,"all","abundance","na-wc"
1989,100.714449,"all","abundance","na-goa"
1990,303.0355966,"pink","abundance","np"
1990,54.22809736,"pink","abundance","na-goa"
1990,164.9486629,"pink","abundance","na"
1990,1111.197261,"all","biomass","np"
1990,523.034228,"all","abundance","np"
1990,468.726716,"all","abundance","np-bs"
1990,506.9616471,"all","abundance","np-goa"
1990,494.3779009,"all","abundance","np-wc"
1990,971.9139211,"all","biomass","np-bs"
1990,1068.823662,"all","biomass","np-goa"
1990,1034.855617,"all","biomass","np-wc"
1990,238.3004455,"all","abundance","na-bs"
1990,276.5353766,"all","abundance","na-goa"
1990,263.9516304,"all","abundance","na-wc"
1990,131.521759,"all","abundance","na-goa"
1991,486.0193237,"pink","abundance","np"
1991,70.77612347,"pink","abundance","na-goa"
1991,219.011513,"pink","abundance","na"
1991,1217.830176,"all","biomass","np"
1991,688.9187022,"all","abundance","np"
1991,639.8288242,"all","abundance","np-bs"
1991,671.2387016,"all","abundance","np-goa"
1991,665.7406359,"all","abundance","np-wc"
1991,1094.216993,"all","biomass","np-bs"
1991,1171.532253,"all","biomass","np-goa"
1991,1161.011661,"all","biomass","np-wc"
1991,290.5844024,"all","abundance","na-bs"
1991,321.9942799,"all","abundance","na-goa"
1991,316.4962142,"all","abundance","na-wc"
1991,140.7391549,"all","abundance","na-goa"
1992,277.2341688,"pink","abundance","np"
1992,34.75493028,"pink","abundance","na-goa"
1992,126.3497266,"pink","abundance","na"
1992,997.0263514,"all","biomass","np"
1992,472.3206335,"all","abundance","np"
1992,419.5156275,"all","abundance","np-bs"
1992,450.4385074,"all","abundance","np-goa"
1992,452.7489634,"all","abundance","np-wc"
1992,859.2734136,"all","biomass","np-bs"
1992,938.3280157,"all","biomass","np-goa"
1992,946.8217238,"all","biomass","np-wc"
1992,202.5929341,"all","abundance","na-bs"
1992,233.5158139,"all","abundance","na-goa"
1992,235.82627,"all","abundance","na-wc"
1992,91.67300766,"all","abundance","na-goa"
1993,398.5924679,"pink","abundance","np"
1993,37.7111409,"pink","abundance","na-goa"
1993,189.1282212,"pink","abundance","na"
1993,1260.213971,"all","biomass","np"
1993,650.2049051,"all","abundance","np"
1993,588.8667351,"all","abundance","np-bs"
1993,632.9500368,"all","abundance","np-goa"
1993,611.0155104,"all","abundance","np-wc"
1993,1106.202653,"all","biomass","np-bs"
1993,1213.372197,"all","biomass","np-goa"
1993,1167.391796,"all","biomass","np-wc"
1993,279.530157,"all","abundance","na-bs"
1993,323.6134586,"all","abundance","na-goa"
1993,301.6789323,"all","abundance","na-wc"
1993,116.3363129,"all","abundance","na-goa"
1994,453.748659,"pink","abundance","np"
1994,62.51075841,"pink","abundance","na-goa"
1994,173.9028634,"pink","abundance","na"
1994,1348.500118,"all","biomass","np"
1994,698.5702437,"all","abundance","np"
1994,641.0172727,"all","abundance","np-bs"
1994,682.0785529,"all","abundance","np-goa"
1994,674.7881411,"all","abundance","np-wc"
1994,1205.66175,"all","biomass","np-bs"
1994,1306.862094,"all","biomass","np-goa"
1994,1284.682212,"all","biomass","np-wc"
1994,261.0327737,"all","abundance","na-bs"
1994,302.094054,"all","abundance","na-goa"
1994,294.8036422,"all","abundance","na-wc"
1994,143.9746589,"all","abundance","na-goa"
1995,434.867605,"pink","abundance","np"
1995,42.14948649,"pink","abundance","na-goa"
1995,231.4693131,"pink","abundance","na"
1995,1413.727294,"all","biomass","np"
1995,690.5075378,"all","abundance","np"
1995,621.4789368,"all","abundance","np-bs"
1995,673.9672873,"all","abundance","np-goa"
1995,677.7110138,"all","abundance","np-wc"
1995,1242.391089,"all","biomass","np-bs"
1995,1372.36827,"all","biomass","np-goa"
1995,1382.554233,"all","biomass","np-wc"
1995,306.6294618,"all","abundance","na-bs"
1995,359.1178123,"all","abundance","na-goa"
1995,362.8615389,"all","abundance","na-wc"
1995,134.0023616,"all","abundance","na-goa"
1996,424.2513281,"pink","abundance","np"
1996,43.27420957,"pink","abundance","na-goa"
1996,201.7165991,"pink","abundance","na"
1996,1428.059169,"all","biomass","np"
1996,677.0867961,"all","abundance","np"
1996,634.0947781,"all","abundance","np-bs"
1996,657.7782828,"all","abundance","np-goa"
1996,659.6398258,"all","abundance","np-wc"
1996,1307.996783,"all","biomass","np-bs"
1996,1373.085142,"all","biomass","np-goa"
1996,1380.584307,"all","biomass","np-wc"
1996,286.7015665,"all","abundance","na-bs"
1996,310.3850711,"all","abundance","na-goa"
1996,312.2466142,"all","abundance","na-wc"
1996,153.6779934,"all","abundance","na-goa"
1997,401.9695761,"pink","abundance","np"
1997,57.56612945,"pink","abundance","na-goa"
1997,150.7793588,"pink","abundance","na"
1997,1254.711779,"all","biomass","np"
1997,609.5707575,"all","abundance","np"
1997,585.4808905,"all","abundance","np-bs"
1997,592.0381365,"all","abundance","np-goa"
1997,585.0302807,"all","abundance","np-wc"
1997,1193.217974,"all","biomass","np-bs"
1997,1205.825712,"all","biomass","np-goa"
1997,1196.632388,"all","biomass","np-wc"
1997,229.9184735,"all","abundance","na-bs"
1997,236.4757195,"all","abundance","na-goa"
1997,229.4678637,"all","abundance","na-wc"
1997,156.0443044,"all","abundance","na-goa"
1998,443.5715796,"pink","abundance","np"
1998,49.13499015,"pink","abundance","na-goa"
1998,181.1101323,"pink","abundance","na"
1998,1250.446263,"all","biomass","np"
1998,636.0950425,"all","abundance","np"
1998,613.4514445,"all","abundance","np-bs"
1998,623.4855989,"all","abundance","np-goa"
1998,621.10403,"all","abundance","np-wc"
1998,1195.37597,"all","biomass","np-bs"
1998,1217.646047,"all","biomass","np-goa"
1998,1207.504134,"all","biomass","np-wc"
1998,263.0973805,"all","abundance","na-bs"
1998,273.1315349,"all","abundance","na-goa"
1998,270.749966,"all","abundance","na-wc"
1998,129.7901594,"all","abundance","na-goa"
1999,501.0739726,"pink","abundance","np"
1999,78.02190601,"pink","abundance","na-goa"
1999,268.0294875,"pink","abundance","na"
1999,1259.043501,"all","biomass","np"
1999,699.167391,"all","abundance","np"
1999,652.685346,"all","abundance","np-bs"
1999,679.5882901,"all","abundance","np-goa"
1999,691.5370246,"all","abundance","np-wc"
1999,1140.710628,"all","biomass","np-bs"
1999,1211.378896,"all","biomass","np-goa"
1999,1238.756026,"all","biomass","np-wc"
1999,338.9755796,"all","abundance","na-bs"
1999,365.8785237,"all","abundance","na-goa"
1999,377.8272582,"all","abundance","na-wc"
1999,152.4620631,"all","abundance","na-goa"
2000,381.8192568,"pink","abundance","np"
2000,54.58992413,"pink","abundance","na-goa"
2000,144.1110692,"pink","abundance","na"
2000,1161.310427,"all","biomass","np"
2000,567.919246,"all","abundance","np"
2000,533.803743,"all","abundance","np-bs"
2000,553.8380418,"all","abundance","np-goa"
2000,553.3850172,"all","abundance","np-wc"
2000,1065.104836,"all","biomass","np-bs"
2000,1121.931399,"all","biomass","np-goa"
2000,1122.280336,"all","biomass","np-wc"
2000,216.6439434,"all","abundance","na-bs"
2000,236.6782422,"all","abundance","na-goa"
2000,236.2252176,"all","abundance","na-wc"
2000,126.8896168,"all","abundance","na-goa"
2001,401.8196412,"pink","abundance","np"
2001,71.67011431,"pink","abundance","na-goa"
2001,223.5269268,"pink","abundance","na"
2001,1238.027074,"all","biomass","np"
2001,601.1721842,"all","abundance","np"
2001,574.6242862,"all","abundance","np-bs"
2001,586.161925,"all","abundance","np-goa"
2001,585.6332824,"all","abundance","np-wc"
2001,1164.185065,"all","biomass","np-bs"
2001,1193.256802,"all","biomass","np-goa"
2001,1194.255494,"all","biomass","np-wc"
2001,293.7028678,"all","abundance","na-bs"
2001,305.2405067,"all","abundance","na-goa"
2001,304.711864,"all","abundance","na-wc"
2001,154.7041529,"all","abundance","na-goa"
2002,382.8857158,"pink","abundance","np"
2002,45.05424069,"pink","abundance","na-goa"
2002,180.4780906,"pink","abundance","na"
2002,1248.148238,"all","biomass","np"
2002,574.1699327,"all","abundance","np"
2002,553.5966427,"all","abundance","np-bs"
2002,559.5230827,"all","abundance","np-goa"
2002,552.5019598,"all","abundance","np-wc"
2002,1193.642861,"all","biomass","np-bs"
2002,1207.15826,"all","biomass","np-goa"
2002,1183.712054,"all","biomass","np-wc"
2002,257.7671639,"all","abundance","na-bs"
2002,263.6936039,"all","abundance","na-goa"
2002,256.672481,"all","abundance","na-wc"
2002,124.712154,"all","abundance","na-goa"
2003,466.3283391,"pink","abundance","np"
2003,84.22264982,"pink","abundance","na-goa"
2003,242.9808583,"pink","abundance","na"
2003,1382.092005,"all","biomass","np"
2003,675.4527621,"all","abundance","np"
2003,645.6936111,"all","abundance","np-bs"
2003,654.8009582,"all","abundance","np-goa"
2003,662.0530205,"all","abundance","np-wc"
2003,1304.716194,"all","biomass","np-bs"
2003,1324.111825,"all","biomass","np-goa"
2003,1347.161992,"all","biomass","np-wc"
2003,319.9479933,"all","abundance","na-bs"
2003,329.0553404,"all","abundance","na-goa"
2003,336.3074027,"all","abundance","na-wc"
2003,182.9938189,"all","abundance","na-goa"
2004,361.2705607,"pink","abundance","np"
2004,41.75051625,"pink","abundance","na-goa"
2004,189.9818756,"pink","abundance","na"
2004,1339.898774,"all","biomass","np"
2004,594.246628,"all","abundance","np"
2004,545.529013,"all","abundance","np-bs"
2004,575.5614237,"all","abundance","np-goa"
2004,580.97848,"all","abundance","np-wc"
2004,1216.39236,"all","biomass","np-bs"
2004,1290.601901,"all","biomass","np-goa"
2004,1305.44756,"all","biomass","np-wc"
2004,266.9831306,"all","abundance","na-bs"
2004,297.0155413,"all","abundance","na-goa"
2004,302.4325976,"all","abundance","na-wc"
2004,137.8439178,"all","abundance","na-goa"
2005,594.4661709,"pink","abundance","np"
2005,100.4464789,"pink","abundance","na-goa"
2005,292.694696,"pink","abundance","na"
2005,1566.207186,"all","biomass","np"
2005,812.9759031,"all","abundance","np"
2005,767.7828641,"all","abundance","np-bs"
2005,795.2215065,"all","abundance","np-goa"
2005,801.7123416,"all","abundance","np-wc"
2005,1444.32783,"all","biomass","np-bs"
2005,1515.980167,"all","biomass","np-goa"
2005,1536.375645,"all","biomass","np-wc"
2005,362.7286312,"all","abundance","na-bs"
2005,390.1672736,"all","abundance","na-goa"
2005,396.6581087,"all","abundance","na-wc"
2005,185.7115425,"all","abundance","na-goa"
2006,344.0283572,"pink","abundance","np"
2006,71.76432646,"pink","abundance","na-goa"
2006,121.8419896,"pink","abundance","na"
2006,1271.431776,"all","biomass","np"
2006,576.5499678,"all","abundance","np"
2006,532.634654,"all","abundance","np-bs"
2006,563.5715382,"all","abundance","np-goa"
2006,556.9435185,"all","abundance","np-wc"
2006,1157.811448,"all","biomass","np-bs"
2006,1237.834041,"all","biomass","np-goa"
2006,1223.05621,"all","biomass","np-wc"
2006,197.2823873,"all","abundance","na-bs"
2006,228.2192715,"all","abundance","na-goa"
2006,221.5912517,"all","abundance","na-wc"
2006,167.0159728,"all","abundance","na-goa"
2007,548.7740497,"pink","abundance","np"
2007,95.01105978,"pink","abundance","na-goa"
2007,228.5356539,"pink","abundance","na"
2007,1482.40179,"all","biomass","np"
2007,764.4126192,"all","abundance","np"
2007,719.0092718,"all","abundance","np-bs"
2007,749.7863061,"all","abundance","np-goa"
2007,757.8969247,"all","abundance","np-wc"
2007,1363.684895,"all","biomass","np-bs"
2007,1443.32363,"all","biomass","np-goa"
2007,1464.301535,"all","biomass","np-wc"
2007,286.6321419,"all","abundance","na-bs"
2007,317.4091761,"all","abundance","na-goa"
2007,325.5197947,"all","abundance","na-wc"
2007,179.7454703,"all","abundance","na-goa"
2008,328.1716624,"pink","abundance","np"
2008,63.93019686,"pink","abundance","na-goa"
2008,127.1262814,"pink","abundance","na"
2008,1112.595792,"all","biomass","np"
2008,521.1910168,"all","abundance","np"
2008,477.7543996,"all","abundance","np-bs"
2008,510.692568,"all","abundance","np-goa"
2008,514.8136032,"all","abundance","np-wc"
2008,1000.876727,"all","biomass","np-bs"
2008,1085.024708,"all","biomass","np-goa"
2008,1096.545523,"all","biomass","np-wc"
2008,176.9621753,"all","abundance","na-bs"
2008,209.9003437,"all","abundance","na-goa"
2008,214.021379,"all","abundance","na-wc"
2008,138.7397281,"all","abundance","na-goa"
2009,657.1627969,"pink","abundance","np"
2009,64.65242704,"pink","abundance","na-goa"
2009,189.8685148,"pink","abundance","na"
2009,1587.120372,"all","biomass","np"
2009,878.0857061,"all","abundance","np"
2009,834.8341955,"all","abundance","np-bs"
2009,866.3518642,"all","abundance","np-goa"
2009,872.3303818,"all","abundance","np-wc"
2009,1468.752172,"all","biomass","np-bs"
2009,1555.444865,"all","biomass","np-goa"
2009,1572.982087,"all","biomass","np-wc"
2009,240.6538985,"all","abundance","na-bs"
2009,272.1715672,"all","abundance","na-goa"
2009,278.1500848,"all","abundance","na-wc"
2009,148.9073503,"all","abundance","na-goa"
2010,407.2142707,"pink","abundance","np"
2010,104.8159652,"pink","abundance","na-goa"
2010,160.518328,"pink","abundance","na"
2010,1377.978747,"all","biomass","np"
2010,644.0343956,"all","abundance","np"
2010,602.6005844,"all","abundance","np-bs"
2010,630.6020835,"all","abundance","np-goa"
2010,608.8342801,"all","abundance","np-wc"
2010,1268.864142,"all","biomass","np-bs"
2010,1342.123213,"all","biomass","np-goa"
2010,1286.588899,"all","biomass","np-wc"
2010,243.2271232,"all","abundance","na-bs"
2010,271.2286223,"all","abundance","na-goa"
2010,249.460819,"all","abundance","na-wc"
2010,177.3471072,"all","abundance","na-goa"
2011,653.762543,"pink","abundance","np"
2011,58.34817497,"pink","abundance","na-goa"
2011,214.1766751,"pink","abundance","na"
2011,1498.896404,"all","biomass","np"
2011,860.3221639,"all","abundance","np"
2011,828.4067317,"all","abundance","np-bs"
2011,839.5332744,"all","abundance","np-goa"
2011,847.3188396,"all","abundance","np-wc"
2011,1407.363761,"all","biomass","np-bs"
2011,1440.901262,"all","biomass","np-goa"
2011,1467.863727,"all","biomass","np-wc"
2011,289.2399943,"all","abundance","na-bs"
2011,300.3665371,"all","abundance","na-goa"
2011,308.1521023,"all","abundance","na-wc"
2011,124.7525005,"all","abundance","na-goa"
2012,435.5747755,"pink","abundance","np"
2012,51.28189264,"pink","abundance","na-goa"
2012,119.9739051,"pink","abundance","na"
2012,1268.716809,"all","biomass","np"
2012,650.4224394,"all","abundance","np"
2012,619.2293126,"all","abundance","np-bs"
2012,632.2061712,"all","abundance","np-goa"
2012,641.9225976,"all","abundance","np-wc"
2012,1183.409976,"all","biomass","np-bs"
2012,1219.539126,"all","biomass","np-goa"
2012,1247.642804,"all","biomass","np-wc"
2012,187.4520247,"all","abundance","na-bs"
2012,200.4288833,"all","abundance","na-goa"
2012,210.1453098,"all","abundance","na-wc"
2012,124.8405804,"all","abundance","na-goa"
2013,577.8224288,"pink","abundance","np"
2013,111.9489942,"pink","abundance","na-goa"
2013,367.5887781,"pink","abundance","na"
2013,1487.885776,"all","biomass","np"
2013,798.2596879,"all","abundance","np"
2013,771.9355186,"all","abundance","np-bs"
2013,781.0127199,"all","abundance","np-goa"
2013,789.989363,"all","abundance","np-wc"
2013,1413.823507,"all","biomass","np-bs"
2013,1440.698301,"all","biomass","np-goa"
2013,1467.499931,"all","biomass","np-wc"
2013,436.0836828,"all","abundance","na-bs"
2013,445.1608842,"all","abundance","na-goa"
2013,454.1375273,"all","abundance","na-wc"
2013,193.7709655,"all","abundance","na-goa"
2014,355.8470816,"pink","abundance","np"
2014,69.64097255,"pink","abundance","na-goa"
2014,162.7480035,"pink","abundance","na"
2014,1294.806075,"all","biomass","np"
2014,606.0006984,"all","abundance","np"
2014,561.4562811,"all","abundance","np-bs"
2014,588.998875,"all","abundance","np-goa"
2014,579.2774463,"all","abundance","np-wc"
2014,1182.714227,"all","biomass","np-bs"
2014,1251.254106,"all","biomass","np-goa"
2014,1224.767687,"all","biomass","np-wc"
2014,235.9460579,"all","abundance","na-bs"
2014,263.4886518,"all","abundance","na-goa"
2014,253.7672231,"all","abundance","na-wc"
2014,137.368745,"all","abundance","na-goa"
2015,549.4208599,"pink","abundance","np"
2015,106.5983076,"pink","abundance","na-goa"
2015,299.350879,"pink","abundance","na"
2015,1591.375419,"all","biomass","np"
2015,815.6585249,"all","abundance","np"
2015,753.3252469,"all","abundance","np-bs"
2015,795.9516638,"all","abundance","np-goa"
2015,809.4058548,"all","abundance","np-wc"
2015,1439.191612,"all","biomass","np-bs"
2015,1543.648187,"all","biomass","np-goa"
2015,1576.56072,"all","biomass","np-wc"
2015,365.615591,"all","abundance","na-bs"
2015,408.2420079,"all","abundance","na-goa"
2015,421.6961989,"all","abundance","na-wc"
2015,179.6650291,"all","abundance","na-goa"
2016,432.1624472,"pink","abundance","np"
2016,685.6603215,"all","abundance","np"
2017,512.7705707,"pink","abundance","np"
2017,736.6469631,"all","abundance","np"
2018,701.2765388,"pink","abundance","np"
2018,950.0809152,"all","abundance","np"
2019,638.7619648,"pink","abundance","np"
2019,854.2206508,"all","abundance","np"
2020,312.9132674,"pink","abundance","np"
2020,492.0791507,"all","abundance","np"
2021,797.2375093,"pink","abundance","np"
2021,990.3456974,"all","abundance","np"
1952,74.2066464656049,"all","eff.dens.","np"
1952,69.4174650475822,"all","eff.dens.","np-bs"
1952,72.9370532313975,"all","eff.dens.","np-goa"
1952,72.5580961162829,"all","eff.dens.","np-wc"
1953,89.8400386029373,"all","eff.dens.","np"
1953,87.6128904748019,"all","eff.dens.","np-bs"
1953,88.8720131679625,"all","eff.dens.","np-goa"
1953,86.8340136034711,"all","eff.dens.","np-wc"
1954,77.7490285498534,"all","eff.dens.","np"
1954,75.7693648236395,"all","eff.dens.","np-bs"
1954,76.6610362264829,"all","eff.dens.","np-goa"
1954,72.6505333541584,"all","eff.dens.","np-wc"
1955,90.0346301766603,"all","eff.dens.","np"
1955,88.2466692483981,"all","eff.dens.","np-bs"
1955,89.1657226403951,"all","eff.dens.","np-goa"
1955,88.1666280727172,"all","eff.dens.","np-wc"
1956,90.0374892446165,"all","eff.dens.","np"
1956,85.2689648367527,"all","eff.dens.","np-bs"
1956,88.949334807917,"all","eff.dens.","np-goa"
1956,87.8827431184,"all","eff.dens.","np-wc"
1957,95.6173419912614,"all","eff.dens.","np"
1957,92.191809345659,"all","eff.dens.","np-bs"
1957,94.8553526300339,"all","eff.dens.","np-goa"
1957,93.9999855948767,"all","eff.dens.","np-wc"
1958,77.7745775657156,"all","eff.dens.","np"
1958,76.3218369499342,"all","eff.dens.","np-bs"
1958,77.0774500287612,"all","eff.dens.","np-goa"
1958,72.3407014455648,"all","eff.dens.","np-wc"
1959,80.1584045337948,"all","eff.dens.","np"
1959,77.3726616547323,"all","eff.dens.","np-bs"
1959,79.3888463506588,"all","eff.dens.","np-goa"
1959,77.4114954222598,"all","eff.dens.","np-wc"
1960,70.7198927226636,"all","eff.dens.","np"
1960,63.2719453884768,"all","eff.dens.","np-bs"
1960,69.7139160551509,"all","eff.dens.","np-goa"
1960,68.4803344477281,"all","eff.dens.","np-wc"
1961,77.3291784939188,"all","eff.dens.","np"
1961,72.0220164165564,"all","eff.dens.","np-bs"
1961,76.2468656775507,"all","eff.dens.","np-goa"
1961,74.3814680012944,"all","eff.dens.","np-wc"
1962,71.0054809665471,"all","eff.dens.","np"
1962,68.3893675964684,"all","eff.dens.","np-bs"
1962,69.7422818065138,"all","eff.dens.","np-goa"
1962,68.3919283722041,"all","eff.dens.","np-wc"
1963,74.9735523286845,"all","eff.dens.","np"
1963,73.3248707052105,"all","eff.dens.","np-bs"
1963,73.9994313572185,"all","eff.dens.","np-goa"
1963,72.3420231826896,"all","eff.dens.","np-wc"
1964,67.3704325474672,"all","eff.dens.","np"
1964,64.910442689281,"all","eff.dens.","np-bs"
1964,66.2132724171625,"all","eff.dens.","np-goa"
1964,64.7503308073893,"all","eff.dens.","np-wc"
1965,77.9737950987068,"all","eff.dens.","np"
1965,68.1514945113024,"all","eff.dens.","np-bs"
1965,76.7121300401799,"all","eff.dens.","np-goa"
1965,76.2760287236749,"all","eff.dens.","np-wc"
1966,74.479301278443,"all","eff.dens.","np"
1966,69.8939741420865,"all","eff.dens.","np-bs"
1966,72.9277308151928,"all","eff.dens.","np-goa"
1966,71.6830236424203,"all","eff.dens.","np-wc"
1967,71.0859151249713,"all","eff.dens.","np"
1967,68.1999165136864,"all","eff.dens.","np-bs"
1967,69.8563876648126,"all","eff.dens.","np-goa"
1967,68.0518266845817,"all","eff.dens.","np-wc"
1968,68.7188434217983,"all","eff.dens.","np"
1968,66.5994903622125,"all","eff.dens.","np-bs"
1968,67.1104605409602,"all","eff.dens.","np-goa"
1968,64.1237893107143,"all","eff.dens.","np-wc"
1969,71.8570117090305,"all","eff.dens.","np"
1969,67.3657645853021,"all","eff.dens.","np-bs"
1969,70.5821340896672,"all","eff.dens.","np-goa"
1969,69.67659336088,"all","eff.dens.","np-wc"
1970,72.5757912055036,"all","eff.dens.","np"
1970,63.7856692056174,"all","eff.dens.","np-bs"
1970,70.7921908576298,"all","eff.dens.","np-goa"
1970,69.7327072192449,"all","eff.dens.","np-wc"
1971,77.4456808049098,"all","eff.dens.","np"
1971,73.3355482091411,"all","eff.dens.","np-bs"
1971,76.0021019369131,"all","eff.dens.","np-goa"
1971,70.2635216401968,"all","eff.dens.","np-wc"
1972,63.9059731561977,"all","eff.dens.","np"
1972,62.0562140694164,"all","eff.dens.","np-bs"
1972,62.6180066192265,"all","eff.dens.","np-goa"
1972,61.1980281905823,"all","eff.dens.","np-wc"
1973,68.5716990974254,"all","eff.dens.","np"
1973,67.4196909295686,"all","eff.dens.","np-bs"
1973,67.1598326368093,"all","eff.dens.","np-goa"
1973,64.018297275621,"all","eff.dens.","np-wc"
1974,65.8627212134242,"all","eff.dens.","np"
1974,63.089394010747,"all","eff.dens.","np-bs"
1974,64.5615016414792,"all","eff.dens.","np-goa"
1974,61.1930865580562,"all","eff.dens.","np-wc"
1975,75.1878785868238,"all","eff.dens.","np"
1975,70.0318181292571,"all","eff.dens.","np-bs"
1975,74.19869427609,"all","eff.dens.","np-goa"
1975,73.4251349906808,"all","eff.dens.","np-wc"
1976,74.1815534025908,"all","eff.dens.","np"
1976,71.0776328974436,"all","eff.dens.","np-bs"
1976,72.1912424914201,"all","eff.dens.","np-goa"
1976,72.0205167231172,"all","eff.dens.","np-wc"
1977,81.9808712733312,"all","eff.dens.","np"
1977,79.2936001028018,"all","eff.dens.","np-bs"
1977,79.4464477091206,"all","eff.dens.","np-goa"
1977,78.5208667462995,"all","eff.dens.","np-wc"
1978,79.4414048429161,"all","eff.dens.","np"
1978,74.5025415320015,"all","eff.dens.","np-bs"
1978,77.2277001342723,"all","eff.dens.","np-goa"
1978,75.6826946896274,"all","eff.dens.","np-wc"
1979,91.0476361675443,"all","eff.dens.","np"
1979,82.2382666204201,"all","eff.dens.","np-bs"
1979,89.7486678751365,"all","eff.dens.","np-goa"
1979,88.0351795183024,"all","eff.dens.","np-wc"
1980,88.3745185667449,"all","eff.dens.","np"
1980,75.227830658288,"all","eff.dens.","np-bs"
1980,87.0243330647409,"all","eff.dens.","np-goa"
1980,86.5122177273492,"all","eff.dens.","np-wc"
1981,97.044228793623,"all","eff.dens.","np"
1981,89.0456765115392,"all","eff.dens.","np-bs"
1981,95.1512403602189,"all","eff.dens.","np-goa"
1981,93.566059621572,"all","eff.dens.","np-wc"
1982,86.8279038209211,"all","eff.dens.","np"
1982,80.9527721744311,"all","eff.dens.","np-bs"
1982,83.9135024121896,"all","eff.dens.","np-goa"
1982,80.8836397266768,"all","eff.dens.","np-wc"
1983,104.764739919914,"all","eff.dens.","np"
1983,95.8720302975918,"all","eff.dens.","np-bs"
1983,102.283185960302,"all","eff.dens.","np-goa"
1983,102.030565036173,"all","eff.dens.","np-wc"
1984,97.3516626668864,"all","eff.dens.","np"
1984,89.1397940709843,"all","eff.dens.","np-bs"
1984,94.8483764183173,"all","eff.dens.","np-goa"
1984,94.7758918986793,"all","eff.dens.","np-wc"
1985,104.232562494992,"all","eff.dens.","np"
1985,97.1320957296753,"all","eff.dens.","np-bs"
1985,101.836812280302,"all","eff.dens.","np-goa"
1985,99.6480960071322,"all","eff.dens.","np-wc"
1986,98.6342190022978,"all","eff.dens.","np"
1986,93.2567576863519,"all","eff.dens.","np-bs"
1986,95.745470890186,"all","eff.dens.","np-goa"
1986,94.0249676412965,"all","eff.dens.","np-wc"
1987,96.3196421913599,"all","eff.dens.","np"
1987,89.9507189627753,"all","eff.dens.","np-bs"
1987,92.425460958641,"all","eff.dens.","np-goa"
1987,93.1220606005179,"all","eff.dens.","np-wc"
1988,92.3754537439113,"all","eff.dens.","np"
1988,87.1720169994555,"all","eff.dens.","np-bs"
1988,89.2317801770565,"all","eff.dens.","np-goa"
1988,89.9135072081495,"all","eff.dens.","np-wc"
1989,107.772781432282,"all","eff.dens.","np"
1989,98.998713498133,"all","eff.dens.","np-bs"
1989,105.389343429775,"all","eff.dens.","np-goa"
1989,103.657901574644,"all","eff.dens.","np-wc"
1990,107.282143338074,"all","eff.dens.","np"
1990,98.1187187518041,"all","eff.dens.","np-bs"
1990,104.537162227559,"all","eff.dens.","np-goa"
1990,102.310413718536,"all","eff.dens.","np-wc"
1991,114.040160713693,"all","eff.dens.","np"
1991,106.186417772852,"all","eff.dens.","np-bs"
1991,111.131241561858,"all","eff.dens.","np-goa"
1991,110.464921387288,"all","eff.dens.","np-wc"
1992,99.8016583789682,"all","eff.dens.","np"
1992,90.3831728916163,"all","eff.dens.","np-bs"
1992,95.8450721936531,"all","eff.dens.","np-goa"
1992,96.4225936271318,"all","eff.dens.","np-wc"
1993,116.670983806683,"all","eff.dens.","np"
1993,106.960427603237,"all","eff.dens.","np-bs"
1993,113.761687669559,"all","eff.dens.","np-goa"
1993,110.86924530944,"all","eff.dens.","np-wc"
1994,122.058302516051,"all","eff.dens.","np"
1994,113.279238790591,"all","eff.dens.","np-bs"
1994,119.532638919477,"all","eff.dens.","np-goa"
1994,118.176323243503,"all","eff.dens.","np-wc"
1995,125.963222276122,"all","eff.dens.","np"
1995,115.568342654834,"all","eff.dens.","np-bs"
1995,123.494356716851,"all","eff.dens.","np-goa"
1995,124.104668111033,"all","eff.dens.","np-wc"
1996,126.813104519674,"all","eff.dens.","np"
1996,119.601818751829,"all","eff.dens.","np-bs"
1996,123.537358751025,"all","eff.dens.","np-goa"
1996,123.986753456942,"all","eff.dens.","np-wc"
1997,116.331139828644,"all","eff.dens.","np"
1997,112.498446292331,"all","eff.dens.","np-bs"
1997,113.289508707836,"all","eff.dens.","np-goa"
1997,112.71295491154,"all","eff.dens.","np-wc"
1998,116.067337455348,"all","eff.dens.","np"
1998,112.634044919342,"all","eff.dens.","np-bs"
1998,114.02866560798,"all","eff.dens.","np-goa"
1998,113.394611525053,"all","eff.dens.","np-wc"
1999,116.598730979011,"all","eff.dens.","np"
1999,109.17343924674,"all","eff.dens.","np-bs"
1999,113.637063409923,"all","eff.dens.","np-goa"
1999,115.342808019752,"all","eff.dens.","np-wc"
2000,110.483871382083,"all","eff.dens.","np"
2000,104.294539540602,"all","eff.dens.","np-bs"
2000,107.971930978919,"all","eff.dens.","np-goa"
2000,107.994317046998,"all","eff.dens.","np-wc"
2001,115.297554223666,"all","eff.dens.","np"
2001,110.666119667104,"all","eff.dens.","np-bs"
2001,112.500886788579,"all","eff.dens.","np-goa"
2001,112.563649511532,"all","eff.dens.","np-wc"
2002,115.925090955406,"all","eff.dens.","np"
2002,112.525150712413,"all","eff.dens.","np-bs"
2002,113.372956874297,"all","eff.dens.","np-goa"
2002,111.900161528114,"all","eff.dens.","np-wc"
2003,124.077005374878,"all","eff.dens.","np"
2003,119.401752709795,"all","eff.dens.","np-bs"
2003,120.582173941007,"all","eff.dens.","np-goa"
2003,121.977542957092,"all","eff.dens.","np-wc"
2004,121.538720453035,"all","eff.dens.","np"
2004,113.950382980309,"all","eff.dens.","np-bs"
2004,118.539074911083,"all","eff.dens.","np-goa"
2004,119.446369424734,"all","eff.dens.","np-wc"
2005,134.8650677314,"all","eff.dens.","np"
2005,127.774400803943,"all","eff.dens.","np-bs"
2005,131.96608913754,"all","eff.dens.","np-goa"
2005,133.14706859872,"all","eff.dens.","np-wc"
2006,117.362325813381,"all","eff.dens.","np"
2006,110.261837650505,"all","eff.dens.","np-bs"
2006,115.285569127025,"all","eff.dens.","np-goa"
2006,114.366178976889,"all","eff.dens.","np-wc"
2007,130.01015831853,"all","eff.dens.","np"
2007,122.972882577065,"all","eff.dens.","np-bs"
2007,127.715168671311,"all","eff.dens.","np-goa"
2007,128.949702671911,"all","eff.dens.","np-wc"
2008,107.372139929263,"all","eff.dens.","np"
2008,100.058439929435,"all","eff.dens.","np-bs"
2008,105.590882267116,"all","eff.dens.","np-goa"
2008,106.337009869404,"all","eff.dens.","np-wc"
2009,136.062958797097,"all","eff.dens.","np"
2009,129.210859257858,"all","eff.dens.","np-bs"
2009,134.246533748374,"all","eff.dens.","np-goa"
2009,135.253709382158,"all","eff.dens.","np-wc"
2010,123.830705216932,"all","eff.dens.","np"
2010,117.204265154932,"all","eff.dens.","np-bs"
2010,121.673198631468,"all","eff.dens.","np-goa"
2010,118.29322352023,"all","eff.dens.","np-wc"
2011,130.97278983295,"all","eff.dens.","np"
2011,125.584943911777,"all","eff.dens.","np-bs"
2011,127.572230185876,"all","eff.dens.","np-goa"
2011,129.158747757798,"all","eff.dens.","np-wc"
2012,117.195192268602,"all","eff.dens.","np"
2012,111.881123105859,"all","eff.dens.","np-bs"
2012,114.146822208567,"all","eff.dens.","np-goa"
2012,115.893793157156,"all","eff.dens.","np-wc"
2013,130.33060001392,"all","eff.dens.","np"
2013,125.968937268961,"all","eff.dens.","np-bs"
2013,127.560250278587,"all","eff.dens.","np-goa"
2013,129.137406368473,"all","eff.dens.","np-wc"
2014,118.796365052222,"all","eff.dens.","np"
2014,111.837267462436,"all","eff.dens.","np-bs"
2014,116.117321793368,"all","eff.dens.","np-goa"
2014,114.472845899488,"all","eff.dens.","np-wc"
2015,136.306038825525,"all","eff.dens.","np"
2015,127.471299366899,"all","eff.dens.","np-bs"
2015,133.566911806203,"all","eff.dens.","np-goa"
2015,135.458772129533,"all","eff.dens.","np-wc"
